image_path,filename,video_id,class_name,true_fake_label,true_class,predicted_fake_label,predicted_class,fake_probability
/content/drive/MyDrive/deepfake_project/celebdf_v2/pilot_faces/real/real__000__00064__frame_00.jpg,real__000__00064__frame_00.jpg,real__000__00064,real,0,real,0,real,0.07921192795038223
/content/drive/MyDrive/deepfake_project/celebdf_v2/pilot_faces/real/real__000__00064__frame_01.jpg,real__000__00064__frame_01.jpg,real__000__00064,real,0,real,0,real,0.21391496062278748
/content/drive/MyDrive/deepfake_project/celebdf_v2/pilot_faces/real/real__000__00064__frame_02.jpg,real__000__00064__frame_02.jpg,real__000__00064,real,0,real,0,real,0.1514463871717453
/content/drive/MyDrive/deepfake_project/celebdf_v2/pilot_faces/real/real__000__00064__frame_03.jpg,real__000__00064__frame_03.jpg,real__000__00064,real,0,real,0,real,0.21487268805503845
/content/drive/MyDrive/deepfake_project/celebdf_v2/pilot_faces/real/real__000__00064__frame_04.jpg,real__000__00064__frame_04.jpg,real__000__00064,real,0,real,0,real,0.15900656580924988
/content/drive/MyDrive/deepfake_project/celebdf_v2/pilot_faces/real/real__000__00064__frame_05.jpg,real__000__00064__frame_05.jpg,real__000__00064,real,0,real,0,real,0.08850943297147751
/content/drive/MyDrive/deepfake_project/celebdf_v2/pilot_faces/real/real__000__00064__frame_06.jpg,real__000__00064__frame_06.jpg,real__000__00064,real,0,real,0,real,0.06978890299797058
/content/drive/MyDrive/deepfake_project/celebdf_v2/pilot_faces/real/real__000__00064__frame_07.jpg,real__000__00064__frame_07.jpg,real__000__00064,real,0,real,0,real,0.4120132625102997
/content/drive/MyDrive/deepfake_project/celebdf_v2/pilot_faces/real/real__000__00064__frame_08.jpg,real__000__00064__frame_08.jpg,real__000__00064,real,0,real,0,real,0.24392616748809814
/content/drive/MyDrive/deepfake_project/celebdf_v2/pilot_faces/real/real__000__00064__frame_09.jpg,real__000__00064__frame_09.jpg,real__000__00064,real,0,real,0,real,0.25179457664489746
/content/drive/MyDrive/deepfake_project/celebdf_v2/pilot_faces/real/real__001__id21_0006__frame_00.jpg,real__001__id21_0006__frame_00.jpg,real__001__id21_0006,real,0,real,0,real,0.13323916494846344
/content/drive/MyDrive/deepfake_project/celebdf_v2/pilot_faces/real/real__001__id21_0006__frame_01.jpg,real__001__id21_0006__frame_01.jpg,real__001__id21_0006,real,0,real,0,real,0.19396847486495972
/content/drive/MyDrive/deepfake_project/celebdf_v2/pilot_faces/real/real__001__id21_0006__frame_02.jpg,real__001__id21_0006__frame_02.jpg,real__001__id21_0006,real,0,real,0,real,0.06179051473736763
/content/drive/MyDrive/deepfake_project/celebdf_v2/pilot_faces/real/real__001__id21_0006__frame_03.jpg,real__001__id21_0006__frame_03.jpg,real__001__id21_0006,real,0,real,0,real,0.08807838708162308
/content/drive/MyDrive/deepfake_project/celebdf_v2/pilot_faces/real/real__001__id21_0006__frame_04.jpg,real__001__id21_0006__frame_04.jpg,real__001__id21_0006,real,0,real,0,real,0.15699516236782074
/content/drive/MyDrive/deepfake_project/celebdf_v2/pilot_faces/real/real__001__id21_0006__frame_05.jpg,real__001__id21_0006__frame_05.jpg,real__001__id21_0006,real,0,real,0,real,0.1282229721546173
/content/drive/MyDrive/deepfake_project/celebdf_v2/pilot_faces/real/real__001__id21_0006__frame_06.jpg,real__001__id21_0006__frame_06.jpg,real__001__id21_0006,real,0,real,0,real,0.06225843355059624
/content/drive/MyDrive/deepfake_project/celebdf_v2/pilot_faces/real/real__001__id21_0006__frame_07.jpg,real__001__id21_0006__frame_07.jpg,real__001__id21_0006,real,0,real,0,real,0.21655495464801788
/content/drive/MyDrive/deepfake_project/celebdf_v2/pilot_faces/real/real__001__id21_0006__frame_08.jpg,real__001__id21_0006__frame_08.jpg,real__001__id21_0006,real,0,real,0,real,0.09086284041404724
/content/drive/MyDrive/deepfake_project/celebdf_v2/pilot_faces/real/real__001__id21_0006__frame_09.jpg,real__001__id21_0006__frame_09.jpg,real__001__id21_0006,real,0,real,0,real,0.12192415446043015
/content/drive/MyDrive/deepfake_project/celebdf_v2/pilot_faces/real/real__002__id11_0005__frame_00.jpg,real__002__id11_0005__frame_00.jpg,real__002__id11_0005,real,0,real,0,real,0.11989452689886093
/content/drive/MyDrive/deepfake_project/celebdf_v2/pilot_faces/real/real__002__id11_0005__frame_01.jpg,real__002__id11_0005__frame_01.jpg,real__002__id11_0005,real,0,real,0,real,0.09316764771938324
/content/drive/MyDrive/deepfake_project/celebdf_v2/pilot_faces/real/real__002__id11_0005__frame_02.jpg,real__002__id11_0005__frame_02.jpg,real__002__id11_0005,real,0,real,0,real,0.11846344918012619
/content/drive/MyDrive/deepfake_project/celebdf_v2/pilot_faces/real/real__002__id11_0005__frame_03.jpg,real__002__id11_0005__frame_03.jpg,real__002__id11_0005,real,0,real,0,real,0.104278065264225
/content/drive/MyDrive/deepfake_project/celebdf_v2/pilot_faces/real/real__002__id11_0005__frame_04.jpg,real__002__id11_0005__frame_04.jpg,real__002__id11_0005,real,0,real,0,real,0.09584119915962219
/content/drive/MyDrive/deepfake_project/celebdf_v2/pilot_faces/real/real__002__id11_0005__frame_05.jpg,real__002__id11_0005__frame_05.jpg,real__002__id11_0005,real,0,real,0,real,0.13749375939369202
/content/drive/MyDrive/deepfake_project/celebdf_v2/pilot_faces/real/real__002__id11_0005__frame_06.jpg,real__002__id11_0005__frame_06.jpg,real__002__id11_0005,real,0,real,0,real,0.15087193250656128
/content/drive/MyDrive/deepfake_project/celebdf_v2/pilot_faces/real/real__002__id11_0005__frame_07.jpg,real__002__id11_0005__frame_07.jpg,real__002__id11_0005,real,0,real,0,real,0.16680476069450378
/content/drive/MyDrive/deepfake_project/celebdf_v2/pilot_faces/real/real__002__id11_0005__frame_08.jpg,real__002__id11_0005__frame_08.jpg,real__002__id11_0005,real,0,real,0,real,0.12998203933238983
/content/drive/MyDrive/deepfake_project/celebdf_v2/pilot_faces/real/real__002__id11_0005__frame_09.jpg,real__002__id11_0005__frame_09.jpg,real__002__id11_0005,real,0,real,0,real,0.2317686229944229
/content/drive/MyDrive/deepfake_project/celebdf_v2/pilot_faces/real/real__003__00169__frame_00.jpg,real__003__00169__frame_00.jpg,real__003__00169,real,0,real,0,real,0.06473017483949661
/content/drive/MyDrive/deepfake_project/celebdf_v2/pilot_faces/real/real__003__00169__frame_01.jpg,real__003__00169__frame_01.jpg,real__003__00169,real,0,real,0,real,0.09742522984743118
/content/drive/MyDrive/deepfake_project/celebdf_v2/pilot_faces/real/real__003__00169__frame_02.jpg,real__003__00169__frame_02.jpg,real__003__00169,real,0,real,0,real,0.08944689482450485
/content/drive/MyDrive/deepfake_project/celebdf_v2/pilot_faces/real/real__003__00169__frame_03.jpg,real__003__00169__frame_03.jpg,real__003__00169,real,0,real,0,real,0.06747948378324509
/content/drive/MyDrive/deepfake_project/celebdf_v2/pilot_faces/real/real__003__00169__frame_04.jpg,real__003__00169__frame_04.jpg,real__003__00169,real,0,real,0,real,0.1007675901055336
/content/drive/MyDrive/deepfake_project/celebdf_v2/pilot_faces/real/real__003__00169__frame_05.jpg,real__003__00169__frame_05.jpg,real__003__00169,real,0,real,0,real,0.08393184095621109
/content/drive/MyDrive/deepfake_project/celebdf_v2/pilot_faces/real/real__003__00169__frame_06.jpg,real__003__00169__frame_06.jpg,real__003__00169,real,0,real,0,real,0.07201099395751953
/content/drive/MyDrive/deepfake_project/celebdf_v2/pilot_faces/real/real__003__00169__frame_07.jpg,real__003__00169__frame_07.jpg,real__003__00169,real,0,real,0,real,0.08620660752058029
/content/drive/MyDrive/deepfake_project/celebdf_v2/pilot_faces/real/real__003__00169__frame_08.jpg,real__003__00169__frame_08.jpg,real__003__00169,real,0,real,0,real,0.052472081035375595
/content/drive/MyDrive/deepfake_project/celebdf_v2/pilot_faces/real/real__003__00169__frame_09.jpg,real__003__00169__frame_09.jpg,real__003__00169,real,0,real,0,real,0.04576007276773453
/content/drive/MyDrive/deepfake_project/celebdf_v2/pilot_faces/real/real__004__id37_0002__frame_00.jpg,real__004__id37_0002__frame_00.jpg,real__004__id37_0002,real,0,real,0,real,0.055611927062273026
/content/drive/MyDrive/deepfake_project/celebdf_v2/pilot_faces/real/real__004__id37_0002__frame_01.jpg,real__004__id37_0002__frame_01.jpg,real__004__id37_0002,real,0,real,0,real,0.027425754815340042
/content/drive/MyDrive/deepfake_project/celebdf_v2/pilot_faces/real/real__004__id37_0002__frame_02.jpg,real__004__id37_0002__frame_02.jpg,real__004__id37_0002,real,0,real,0,real,0.026208125054836273
/content/drive/MyDrive/deepfake_project/celebdf_v2/pilot_faces/real/real__004__id37_0002__frame_03.jpg,real__004__id37_0002__frame_03.jpg,real__004__id37_0002,real,0,real,0,real,0.04201860353350639
/content/drive/MyDrive/deepfake_project/celebdf_v2/pilot_faces/real/real__004__id37_0002__frame_04.jpg,real__004__id37_0002__frame_04.jpg,real__004__id37_0002,real,0,real,0,real,0.02712421864271164
/content/drive/MyDrive/deepfake_project/celebdf_v2/pilot_faces/real/real__004__id37_0002__frame_05.jpg,real__004__id37_0002__frame_05.jpg,real__004__id37_0002,real,0,real,0,real,0.04106051102280617
/content/drive/MyDrive/deepfake_project/celebdf_v2/pilot_faces/real/real__004__id37_0002__frame_06.jpg,real__004__id37_0002__frame_06.jpg,real__004__id37_0002,real,0,real,0,real,0.0754203349351883
/content/drive/MyDrive/deepfake_project/celebdf_v2/pilot_faces/real/real__004__id37_0002__frame_07.jpg,real__004__id37_0002__frame_07.jpg,real__004__id37_0002,real,0,real,0,real,0.0787845104932785
/content/drive/MyDrive/deepfake_project/celebdf_v2/pilot_faces/real/real__004__id37_0002__frame_08.jpg,real__004__id37_0002__frame_08.jpg,real__004__id37_0002,real,0,real,0,real,0.12505300343036652
/content/drive/MyDrive/deepfake_project/celebdf_v2/pilot_faces/real/real__004__id37_0002__frame_09.jpg,real__004__id37_0002__frame_09.jpg,real__004__id37_0002,real,0,real,0,real,0.16305185854434967
/content/drive/MyDrive/deepfake_project/celebdf_v2/pilot_faces/real/real__005__id34_0001__frame_00.jpg,real__005__id34_0001__frame_00.jpg,real__005__id34_0001,real,0,real,1,fake,0.5346447825431824
/content/drive/MyDrive/deepfake_project/celebdf_v2/pilot_faces/real/real__005__id34_0001__frame_01.jpg,real__005__id34_0001__frame_01.jpg,real__005__id34_0001,real,0,real,0,real,0.31433165073394775
/content/drive/MyDrive/deepfake_project/celebdf_v2/pilot_faces/real/real__005__id34_0001__frame_02.jpg,real__005__id34_0001__frame_02.jpg,real__005__id34_0001,real,0,real,0,real,0.04890992492437363
/content/drive/MyDrive/deepfake_project/celebdf_v2/pilot_faces/real/real__005__id34_0001__frame_03.jpg,real__005__id34_0001__frame_03.jpg,real__005__id34_0001,real,0,real,0,real,0.4302808940410614
/content/drive/MyDrive/deepfake_project/celebdf_v2/pilot_faces/real/real__005__id34_0001__frame_04.jpg,real__005__id34_0001__frame_04.jpg,real__005__id34_0001,real,0,real,0,real,0.12171363085508347
/content/drive/MyDrive/deepfake_project/celebdf_v2/pilot_faces/real/real__005__id34_0001__frame_05.jpg,real__005__id34_0001__frame_05.jpg,real__005__id34_0001,real,0,real,0,real,0.18273159861564636
/content/drive/MyDrive/deepfake_project/celebdf_v2/pilot_faces/real/real__005__id34_0001__frame_06.jpg,real__005__id34_0001__frame_06.jpg,real__005__id34_0001,real,0,real,0,real,0.15481486916542053
/content/drive/MyDrive/deepfake_project/celebdf_v2/pilot_faces/real/real__005__id34_0001__frame_07.jpg,real__005__id34_0001__frame_07.jpg,real__005__id34_0001,real,0,real,0,real,0.10631902515888214
/content/drive/MyDrive/deepfake_project/celebdf_v2/pilot_faces/real/real__005__id34_0001__frame_08.jpg,real__005__id34_0001__frame_08.jpg,real__005__id34_0001,real,0,real,0,real,0.13459286093711853
/content/drive/MyDrive/deepfake_project/celebdf_v2/pilot_faces/real/real__005__id34_0001__frame_09.jpg,real__005__id34_0001__frame_09.jpg,real__005__id34_0001,real,0,real,0,real,0.247492715716362
/content/drive/MyDrive/deepfake_project/celebdf_v2/pilot_faces/real/real__006__id31_0009__frame_00.jpg,real__006__id31_0009__frame_00.jpg,real__006__id31_0009,real,0,real,0,real,0.06667383015155792
/content/drive/MyDrive/deepfake_project/celebdf_v2/pilot_faces/real/real__006__id31_0009__frame_01.jpg,real__006__id31_0009__frame_01.jpg,real__006__id31_0009,real,0,real,0,real,0.04269886016845703
/content/drive/MyDrive/deepfake_project/celebdf_v2/pilot_faces/real/real__006__id31_0009__frame_02.jpg,real__006__id31_0009__frame_02.jpg,real__006__id31_0009,real,0,real,0,real,0.038599252700805664
/content/drive/MyDrive/deepfake_project/celebdf_v2/pilot_faces/real/real__006__id31_0009__frame_03.jpg,real__006__id31_0009__frame_03.jpg,real__006__id31_0009,real,0,real,0,real,0.04067061096429825
/content/drive/MyDrive/deepfake_project/celebdf_v2/pilot_faces/real/real__006__id31_0009__frame_04.jpg,real__006__id31_0009__frame_04.jpg,real__006__id31_0009,real,0,real,0,real,0.11209135502576828
/content/drive/MyDrive/deepfake_project/celebdf_v2/pilot_faces/real/real__006__id31_0009__frame_05.jpg,real__006__id31_0009__frame_05.jpg,real__006__id31_0009,real,0,real,0,real,0.07838618755340576
/content/drive/MyDrive/deepfake_project/celebdf_v2/pilot_faces/real/real__006__id31_0009__frame_06.jpg,real__006__id31_0009__frame_06.jpg,real__006__id31_0009,real,0,real,0,real,0.15769995748996735
/content/drive/MyDrive/deepfake_project/celebdf_v2/pilot_faces/real/real__006__id31_0009__frame_07.jpg,real__006__id31_0009__frame_07.jpg,real__006__id31_0009,real,0,real,0,real,0.25111281871795654
/content/drive/MyDrive/deepfake_project/celebdf_v2/pilot_faces/real/real__006__id31_0009__frame_08.jpg,real__006__id31_0009__frame_08.jpg,real__006__id31_0009,real,0,real,0,real,0.2220788449048996
/content/drive/MyDrive/deepfake_project/celebdf_v2/pilot_faces/real/real__006__id31_0009__frame_09.jpg,real__006__id31_0009__frame_09.jpg,real__006__id31_0009,real,0,real,0,real,0.08794154971837997
/content/drive/MyDrive/deepfake_project/celebdf_v2/pilot_faces/real/real__007__id24_0004__frame_00.jpg,real__007__id24_0004__frame_00.jpg,real__007__id24_0004,real,0,real,0,real,0.15376192331314087
/content/drive/MyDrive/deepfake_project/celebdf_v2/pilot_faces/real/real__007__id24_0004__frame_01.jpg,real__007__id24_0004__frame_01.jpg,real__007__id24_0004,real,0,real,0,real,0.32814905047416687
/content/drive/MyDrive/deepfake_project/celebdf_v2/pilot_faces/real/real__007__id24_0004__frame_02.jpg,real__007__id24_0004__frame_02.jpg,real__007__id24_0004,real,0,real,0,real,0.2592003643512726
/content/drive/MyDrive/deepfake_project/celebdf_v2/pilot_faces/real/real__007__id24_0004__frame_03.jpg,real__007__id24_0004__frame_03.jpg,real__007__id24_0004,real,0,real,0,real,0.1669386923313141
/content/drive/MyDrive/deepfake_project/celebdf_v2/pilot_faces/real/real__007__id24_0004__frame_04.jpg,real__007__id24_0004__frame_04.jpg,real__007__id24_0004,real,0,real,0,real,0.3538033664226532
/content/drive/MyDrive/deepfake_project/celebdf_v2/pilot_faces/real/real__007__id24_0004__frame_05.jpg,real__007__id24_0004__frame_05.jpg,real__007__id24_0004,real,0,real,0,real,0.2524862289428711
/content/drive/MyDrive/deepfake_project/celebdf_v2/pilot_faces/real/real__007__id24_0004__frame_06.jpg,real__007__id24_0004__frame_06.jpg,real__007__id24_0004,real,0,real,0,real,0.34325021505355835
/content/drive/MyDrive/deepfake_project/celebdf_v2/pilot_faces/real/real__007__id24_0004__frame_07.jpg,real__007__id24_0004__frame_07.jpg,real__007__id24_0004,real,0,real,0,real,0.2586498260498047
/content/drive/MyDrive/deepfake_project/celebdf_v2/pilot_faces/real/real__007__id24_0004__frame_08.jpg,real__007__id24_0004__frame_08.jpg,real__007__id24_0004,real,0,real,0,real,0.28132498264312744
/content/drive/MyDrive/deepfake_project/celebdf_v2/pilot_faces/real/real__007__id24_0004__frame_09.jpg,real__007__id24_0004__frame_09.jpg,real__007__id24_0004,real,0,real,0,real,0.33058857917785645
/content/drive/MyDrive/deepfake_project/celebdf_v2/pilot_faces/real/real__008__00164__frame_00.jpg,real__008__00164__frame_00.jpg,real__008__00164,real,0,real,0,real,0.29490795731544495
/content/drive/MyDrive/deepfake_project/celebdf_v2/pilot_faces/real/real__008__00164__frame_01.jpg,real__008__00164__frame_01.jpg,real__008__00164,real,0,real,1,fake,0.5290352702140808
/content/drive/MyDrive/deepfake_project/celebdf_v2/pilot_faces/real/real__008__00164__frame_02.jpg,real__008__00164__frame_02.jpg,real__008__00164,real,0,real,0,real,0.45963254570961
/content/drive/MyDrive/deepfake_project/celebdf_v2/pilot_faces/real/real__008__00164__frame_03.jpg,real__008__00164__frame_03.jpg,real__008__00164,real,0,real,1,fake,0.5411330461502075
/content/drive/MyDrive/deepfake_project/celebdf_v2/pilot_faces/real/real__008__00164__frame_04.jpg,real__008__00164__frame_04.jpg,real__008__00164,real,0,real,0,real,0.23097248375415802
/content/drive/MyDrive/deepfake_project/celebdf_v2/pilot_faces/real/real__008__00164__frame_05.jpg,real__008__00164__frame_05.jpg,real__008__00164,real,0,real,0,real,0.21276482939720154
/content/drive/MyDrive/deepfake_project/celebdf_v2/pilot_faces/real/real__008__00164__frame_06.jpg,real__008__00164__frame_06.jpg,real__008__00164,real,0,real,0,real,0.2566712498664856
/content/drive/MyDrive/deepfake_project/celebdf_v2/pilot_faces/real/real__008__00164__frame_07.jpg,real__008__00164__frame_07.jpg,real__008__00164,real,0,real,0,real,0.17279960215091705
/content/drive/MyDrive/deepfake_project/celebdf_v2/pilot_faces/real/real__008__00164__frame_08.jpg,real__008__00164__frame_08.jpg,real__008__00164,real,0,real,0,real,0.34700196981430054
/content/drive/MyDrive/deepfake_project/celebdf_v2/pilot_faces/real/real__008__00164__frame_09.jpg,real__008__00164__frame_09.jpg,real__008__00164,real,0,real,0,real,0.2559915781021118
/content/drive/MyDrive/deepfake_project/celebdf_v2/pilot_faces/real/real__009__id20_0006__frame_00.jpg,real__009__id20_0006__frame_00.jpg,real__009__id20_0006,real,0,real,0,real,0.1868503838777542
/content/drive/MyDrive/deepfake_project/celebdf_v2/pilot_faces/real/real__009__id20_0006__frame_01.jpg,real__009__id20_0006__frame_01.jpg,real__009__id20_0006,real,0,real,0,real,0.15891893208026886
/content/drive/MyDrive/deepfake_project/celebdf_v2/pilot_faces/real/real__009__id20_0006__frame_02.jpg,real__009__id20_0006__frame_02.jpg,real__009__id20_0006,real,0,real,0,real,0.3743724226951599
/content/drive/MyDrive/deepfake_project/celebdf_v2/pilot_faces/real/real__009__id20_0006__frame_03.jpg,real__009__id20_0006__frame_03.jpg,real__009__id20_0006,real,0,real,0,real,0.12362032383680344
/content/drive/MyDrive/deepfake_project/celebdf_v2/pilot_faces/real/real__009__id20_0006__frame_04.jpg,real__009__id20_0006__frame_04.jpg,real__009__id20_0006,real,0,real,0,real,0.18174408376216888
/content/drive/MyDrive/deepfake_project/celebdf_v2/pilot_faces/real/real__009__id20_0006__frame_05.jpg,real__009__id20_0006__frame_05.jpg,real__009__id20_0006,real,0,real,0,real,0.12994062900543213
/content/drive/MyDrive/deepfake_project/celebdf_v2/pilot_faces/real/real__009__id20_0006__frame_06.jpg,real__009__id20_0006__frame_06.jpg,real__009__id20_0006,real,0,real,0,real,0.1421145498752594
/content/drive/MyDrive/deepfake_project/celebdf_v2/pilot_faces/real/real__009__id20_0006__frame_07.jpg,real__009__id20_0006__frame_07.jpg,real__009__id20_0006,real,0,real,0,real,0.2710813283920288
/content/drive/MyDrive/deepfake_project/celebdf_v2/pilot_faces/real/real__009__id20_0006__frame_08.jpg,real__009__id20_0006__frame_08.jpg,real__009__id20_0006,real,0,real,1,fake,0.6196795105934143
/content/drive/MyDrive/deepfake_project/celebdf_v2/pilot_faces/real/real__009__id20_0006__frame_09.jpg,real__009__id20_0006__frame_09.jpg,real__009__id20_0006,real,0,real,1,fake,0.5297988057136536
/content/drive/MyDrive/deepfake_project/celebdf_v2/pilot_faces/real/real__010__00102__frame_00.jpg,real__010__00102__frame_00.jpg,real__010__00102,real,0,real,0,real,0.1089225709438324
/content/drive/MyDrive/deepfake_project/celebdf_v2/pilot_faces/real/real__010__00102__frame_01.jpg,real__010__00102__frame_01.jpg,real__010__00102,real,0,real,0,real,0.1394491344690323
/content/drive/MyDrive/deepfake_project/celebdf_v2/pilot_faces/real/real__010__00102__frame_02.jpg,real__010__00102__frame_02.jpg,real__010__00102,real,0,real,0,real,0.061806611716747284
/content/drive/MyDrive/deepfake_project/celebdf_v2/pilot_faces/real/real__010__00102__frame_03.jpg,real__010__00102__frame_03.jpg,real__010__00102,real,0,real,0,real,0.2374366670846939
/content/drive/MyDrive/deepfake_project/celebdf_v2/pilot_faces/real/real__010__00102__frame_04.jpg,real__010__00102__frame_04.jpg,real__010__00102,real,0,real,0,real,0.16238383948802948
/content/drive/MyDrive/deepfake_project/celebdf_v2/pilot_faces/real/real__010__00102__frame_05.jpg,real__010__00102__frame_05.jpg,real__010__00102,real,0,real,0,real,0.1901615560054779
/content/drive/MyDrive/deepfake_project/celebdf_v2/pilot_faces/real/real__010__00102__frame_06.jpg,real__010__00102__frame_06.jpg,real__010__00102,real,0,real,0,real,0.1760881394147873
/content/drive/MyDrive/deepfake_project/celebdf_v2/pilot_faces/real/real__010__00102__frame_07.jpg,real__010__00102__frame_07.jpg,real__010__00102,real,0,real,0,real,0.1560853272676468
/content/drive/MyDrive/deepfake_project/celebdf_v2/pilot_faces/real/real__010__00102__frame_08.jpg,real__010__00102__frame_08.jpg,real__010__00102,real,0,real,0,real,0.15335039794445038
/content/drive/MyDrive/deepfake_project/celebdf_v2/pilot_faces/real/real__010__00102__frame_09.jpg,real__010__00102__frame_09.jpg,real__010__00102,real,0,real,0,real,0.09514757990837097
/content/drive/MyDrive/deepfake_project/celebdf_v2/pilot_faces/real/real__011__00168__frame_00.jpg,real__011__00168__frame_00.jpg,real__011__00168,real,0,real,0,real,0.09518531709909439
/content/drive/MyDrive/deepfake_project/celebdf_v2/pilot_faces/real/real__011__00168__frame_01.jpg,real__011__00168__frame_01.jpg,real__011__00168,real,0,real,0,real,0.14807339012622833
/content/drive/MyDrive/deepfake_project/celebdf_v2/pilot_faces/real/real__011__00168__frame_02.jpg,real__011__00168__frame_02.jpg,real__011__00168,real,0,real,0,real,0.1742500513792038
/content/drive/MyDrive/deepfake_project/celebdf_v2/pilot_faces/real/real__011__00168__frame_03.jpg,real__011__00168__frame_03.jpg,real__011__00168,real,0,real,0,real,0.0543745718896389
/content/drive/MyDrive/deepfake_project/celebdf_v2/pilot_faces/real/real__011__00168__frame_04.jpg,real__011__00168__frame_04.jpg,real__011__00168,real,0,real,0,real,0.2054794877767563
/content/drive/MyDrive/deepfake_project/celebdf_v2/pilot_faces/real/real__011__00168__frame_05.jpg,real__011__00168__frame_05.jpg,real__011__00168,real,0,real,0,real,0.10119105875492096
/content/drive/MyDrive/deepfake_project/celebdf_v2/pilot_faces/real/real__011__00168__frame_06.jpg,real__011__00168__frame_06.jpg,real__011__00168,real,0,real,0,real,0.08204153180122375
/content/drive/MyDrive/deepfake_project/celebdf_v2/pilot_faces/real/real__011__00168__frame_07.jpg,real__011__00168__frame_07.jpg,real__011__00168,real,0,real,0,real,0.31559890508651733
/content/drive/MyDrive/deepfake_project/celebdf_v2/pilot_faces/real/real__011__00168__frame_08.jpg,real__011__00168__frame_08.jpg,real__011__00168,real,0,real,0,real,0.11728090047836304
/content/drive/MyDrive/deepfake_project/celebdf_v2/pilot_faces/real/real__011__00168__frame_09.jpg,real__011__00168__frame_09.jpg,real__011__00168,real,0,real,0,real,0.11860191076993942
/content/drive/MyDrive/deepfake_project/celebdf_v2/pilot_faces/real/real__012__id6_0008__frame_00.jpg,real__012__id6_0008__frame_00.jpg,real__012__id6_0008,real,0,real,0,real,0.29010209441185
/content/drive/MyDrive/deepfake_project/celebdf_v2/pilot_faces/real/real__012__id6_0008__frame_01.jpg,real__012__id6_0008__frame_01.jpg,real__012__id6_0008,real,0,real,0,real,0.13639339804649353
/content/drive/MyDrive/deepfake_project/celebdf_v2/pilot_faces/real/real__012__id6_0008__frame_02.jpg,real__012__id6_0008__frame_02.jpg,real__012__id6_0008,real,0,real,0,real,0.40886926651000977
/content/drive/MyDrive/deepfake_project/celebdf_v2/pilot_faces/real/real__012__id6_0008__frame_03.jpg,real__012__id6_0008__frame_03.jpg,real__012__id6_0008,real,0,real,0,real,0.18832974135875702
/content/drive/MyDrive/deepfake_project/celebdf_v2/pilot_faces/real/real__012__id6_0008__frame_04.jpg,real__012__id6_0008__frame_04.jpg,real__012__id6_0008,real,0,real,0,real,0.3471522033214569
/content/drive/MyDrive/deepfake_project/celebdf_v2/pilot_faces/real/real__012__id6_0008__frame_05.jpg,real__012__id6_0008__frame_05.jpg,real__012__id6_0008,real,0,real,0,real,0.1578388214111328
/content/drive/MyDrive/deepfake_project/celebdf_v2/pilot_faces/real/real__012__id6_0008__frame_06.jpg,real__012__id6_0008__frame_06.jpg,real__012__id6_0008,real,0,real,0,real,0.2131708711385727
/content/drive/MyDrive/deepfake_project/celebdf_v2/pilot_faces/real/real__012__id6_0008__frame_07.jpg,real__012__id6_0008__frame_07.jpg,real__012__id6_0008,real,0,real,0,real,0.19017896056175232
/content/drive/MyDrive/deepfake_project/celebdf_v2/pilot_faces/real/real__012__id6_0008__frame_08.jpg,real__012__id6_0008__frame_08.jpg,real__012__id6_0008,real,0,real,0,real,0.3683580458164215
/content/drive/MyDrive/deepfake_project/celebdf_v2/pilot_faces/real/real__012__id6_0008__frame_09.jpg,real__012__id6_0008__frame_09.jpg,real__012__id6_0008,real,0,real,1,fake,0.5625522136688232
/content/drive/MyDrive/deepfake_project/celebdf_v2/pilot_faces/real/real__013__id1_0001__frame_00.jpg,real__013__id1_0001__frame_00.jpg,real__013__id1_0001,real,0,real,0,real,0.04621464014053345
/content/drive/MyDrive/deepfake_project/celebdf_v2/pilot_faces/real/real__013__id1_0001__frame_01.jpg,real__013__id1_0001__frame_01.jpg,real__013__id1_0001,real,0,real,0,real,0.0472235232591629
/content/drive/MyDrive/deepfake_project/celebdf_v2/pilot_faces/real/real__013__id1_0001__frame_02.jpg,real__013__id1_0001__frame_02.jpg,real__013__id1_0001,real,0,real,0,real,0.044541411101818085
/content/drive/MyDrive/deepfake_project/celebdf_v2/pilot_faces/real/real__013__id1_0001__frame_03.jpg,real__013__id1_0001__frame_03.jpg,real__013__id1_0001,real,0,real,0,real,0.062430962920188904
/content/drive/MyDrive/deepfake_project/celebdf_v2/pilot_faces/real/real__013__id1_0001__frame_04.jpg,real__013__id1_0001__frame_04.jpg,real__013__id1_0001,real,0,real,0,real,0.02861284464597702
/content/drive/MyDrive/deepfake_project/celebdf_v2/pilot_faces/real/real__013__id1_0001__frame_05.jpg,real__013__id1_0001__frame_05.jpg,real__013__id1_0001,real,0,real,0,real,0.07444511353969574
/content/drive/MyDrive/deepfake_project/celebdf_v2/pilot_faces/real/real__013__id1_0001__frame_06.jpg,real__013__id1_0001__frame_06.jpg,real__013__id1_0001,real,0,real,0,real,0.07998444885015488
/content/drive/MyDrive/deepfake_project/celebdf_v2/pilot_faces/real/real__013__id1_0001__frame_07.jpg,real__013__id1_0001__frame_07.jpg,real__013__id1_0001,real,0,real,0,real,0.0881684422492981
/content/drive/MyDrive/deepfake_project/celebdf_v2/pilot_faces/real/real__013__id1_0001__frame_08.jpg,real__013__id1_0001__frame_08.jpg,real__013__id1_0001,real,0,real,0,real,0.05104094371199608
/content/drive/MyDrive/deepfake_project/celebdf_v2/pilot_faces/real/real__013__id1_0001__frame_09.jpg,real__013__id1_0001__frame_09.jpg,real__013__id1_0001,real,0,real,0,real,0.23808260262012482
/content/drive/MyDrive/deepfake_project/celebdf_v2/pilot_faces/real/real__014__00014__frame_00.jpg,real__014__00014__frame_00.jpg,real__014__00014,real,0,real,0,real,0.25282150506973267
/content/drive/MyDrive/deepfake_project/celebdf_v2/pilot_faces/real/real__014__00014__frame_01.jpg,real__014__00014__frame_01.jpg,real__014__00014,real,0,real,0,real,0.3372804522514343
/content/drive/MyDrive/deepfake_project/celebdf_v2/pilot_faces/real/real__014__00014__frame_02.jpg,real__014__00014__frame_02.jpg,real__014__00014,real,0,real,0,real,0.41308343410491943
/content/drive/MyDrive/deepfake_project/celebdf_v2/pilot_faces/real/real__014__00014__frame_03.jpg,real__014__00014__frame_03.jpg,real__014__00014,real,0,real,1,fake,0.5388990640640259
/content/drive/MyDrive/deepfake_project/celebdf_v2/pilot_faces/real/real__014__00014__frame_04.jpg,real__014__00014__frame_04.jpg,real__014__00014,real,0,real,0,real,0.35526448488235474
/content/drive/MyDrive/deepfake_project/celebdf_v2/pilot_faces/real/real__014__00014__frame_05.jpg,real__014__00014__frame_05.jpg,real__014__00014,real,0,real,0,real,0.24002854526042938
/content/drive/MyDrive/deepfake_project/celebdf_v2/pilot_faces/real/real__014__00014__frame_06.jpg,real__014__00014__frame_06.jpg,real__014__00014,real,0,real,0,real,0.09186839312314987
/content/drive/MyDrive/deepfake_project/celebdf_v2/pilot_faces/real/real__014__00014__frame_07.jpg,real__014__00014__frame_07.jpg,real__014__00014,real,0,real,0,real,0.48311811685562134
/content/drive/MyDrive/deepfake_project/celebdf_v2/pilot_faces/real/real__014__00014__frame_08.jpg,real__014__00014__frame_08.jpg,real__014__00014,real,0,real,0,real,0.23264548182487488
/content/drive/MyDrive/deepfake_project/celebdf_v2/pilot_faces/real/real__014__00014__frame_09.jpg,real__014__00014__frame_09.jpg,real__014__00014,real,0,real,0,real,0.31597813963890076
/content/drive/MyDrive/deepfake_project/celebdf_v2/pilot_faces/real/real__015__id51_0002__frame_00.jpg,real__015__id51_0002__frame_00.jpg,real__015__id51_0002,real,0,real,0,real,0.16267423331737518
/content/drive/MyDrive/deepfake_project/celebdf_v2/pilot_faces/real/real__015__id51_0002__frame_01.jpg,real__015__id51_0002__frame_01.jpg,real__015__id51_0002,real,0,real,0,real,0.18301858007907867
/content/drive/MyDrive/deepfake_project/celebdf_v2/pilot_faces/real/real__015__id51_0002__frame_02.jpg,real__015__id51_0002__frame_02.jpg,real__015__id51_0002,real,0,real,0,real,0.20732209086418152
/content/drive/MyDrive/deepfake_project/celebdf_v2/pilot_faces/real/real__015__id51_0002__frame_03.jpg,real__015__id51_0002__frame_03.jpg,real__015__id51_0002,real,0,real,0,real,0.4390549063682556
/content/drive/MyDrive/deepfake_project/celebdf_v2/pilot_faces/real/real__015__id51_0002__frame_04.jpg,real__015__id51_0002__frame_04.jpg,real__015__id51_0002,real,0,real,0,real,0.32956212759017944
/content/drive/MyDrive/deepfake_project/celebdf_v2/pilot_faces/real/real__015__id51_0002__frame_05.jpg,real__015__id51_0002__frame_05.jpg,real__015__id51_0002,real,0,real,0,real,0.46346989274024963
/content/drive/MyDrive/deepfake_project/celebdf_v2/pilot_faces/real/real__015__id51_0002__frame_06.jpg,real__015__id51_0002__frame_06.jpg,real__015__id51_0002,real,0,real,0,real,0.4213840663433075
/content/drive/MyDrive/deepfake_project/celebdf_v2/pilot_faces/real/real__015__id51_0002__frame_07.jpg,real__015__id51_0002__frame_07.jpg,real__015__id51_0002,real,0,real,0,real,0.13870921730995178
/content/drive/MyDrive/deepfake_project/celebdf_v2/pilot_faces/real/real__015__id51_0002__frame_08.jpg,real__015__id51_0002__frame_08.jpg,real__015__id51_0002,real,0,real,0,real,0.12300562113523483
/content/drive/MyDrive/deepfake_project/celebdf_v2/pilot_faces/real/real__015__id51_0002__frame_09.jpg,real__015__id51_0002__frame_09.jpg,real__015__id51_0002,real,0,real,0,real,0.11188142746686935
/content/drive/MyDrive/deepfake_project/celebdf_v2/pilot_faces/real/real__016__id12_0001__frame_00.jpg,real__016__id12_0001__frame_00.jpg,real__016__id12_0001,real,0,real,0,real,0.12647314369678497
/content/drive/MyDrive/deepfake_project/celebdf_v2/pilot_faces/real/real__016__id12_0001__frame_01.jpg,real__016__id12_0001__frame_01.jpg,real__016__id12_0001,real,0,real,0,real,0.13511238992214203
/content/drive/MyDrive/deepfake_project/celebdf_v2/pilot_faces/real/real__016__id12_0001__frame_02.jpg,real__016__id12_0001__frame_02.jpg,real__016__id12_0001,real,0,real,0,real,0.07617877423763275
/content/drive/MyDrive/deepfake_project/celebdf_v2/pilot_faces/real/real__016__id12_0001__frame_03.jpg,real__016__id12_0001__frame_03.jpg,real__016__id12_0001,real,0,real,0,real,0.09110494703054428
/content/drive/MyDrive/deepfake_project/celebdf_v2/pilot_faces/real/real__016__id12_0001__frame_04.jpg,real__016__id12_0001__frame_04.jpg,real__016__id12_0001,real,0,real,0,real,0.11986557394266129
/content/drive/MyDrive/deepfake_project/celebdf_v2/pilot_faces/real/real__016__id12_0001__frame_05.jpg,real__016__id12_0001__frame_05.jpg,real__016__id12_0001,real,0,real,0,real,0.21463638544082642
/content/drive/MyDrive/deepfake_project/celebdf_v2/pilot_faces/real/real__016__id12_0001__frame_06.jpg,real__016__id12_0001__frame_06.jpg,real__016__id12_0001,real,0,real,0,real,0.1804247945547104
/content/drive/MyDrive/deepfake_project/celebdf_v2/pilot_faces/real/real__016__id12_0001__frame_07.jpg,real__016__id12_0001__frame_07.jpg,real__016__id12_0001,real,0,real,0,real,0.19812121987342834
/content/drive/MyDrive/deepfake_project/celebdf_v2/pilot_faces/real/real__016__id12_0001__frame_08.jpg,real__016__id12_0001__frame_08.jpg,real__016__id12_0001,real,0,real,0,real,0.06681503355503082
/content/drive/MyDrive/deepfake_project/celebdf_v2/pilot_faces/real/real__016__id12_0001__frame_09.jpg,real__016__id12_0001__frame_09.jpg,real__016__id12_0001,real,0,real,0,real,0.13120445609092712
/content/drive/MyDrive/deepfake_project/celebdf_v2/pilot_faces/real/real__017__id11_0010__frame_00.jpg,real__017__id11_0010__frame_00.jpg,real__017__id11_0010,real,0,real,0,real,0.054903049021959305
/content/drive/MyDrive/deepfake_project/celebdf_v2/pilot_faces/real/real__017__id11_0010__frame_01.jpg,real__017__id11_0010__frame_01.jpg,real__017__id11_0010,real,0,real,0,real,0.1989007294178009
/content/drive/MyDrive/deepfake_project/celebdf_v2/pilot_faces/real/real__017__id11_0010__frame_02.jpg,real__017__id11_0010__frame_02.jpg,real__017__id11_0010,real,0,real,0,real,0.29851171374320984
/content/drive/MyDrive/deepfake_project/celebdf_v2/pilot_faces/real/real__017__id11_0010__frame_03.jpg,real__017__id11_0010__frame_03.jpg,real__017__id11_0010,real,0,real,0,real,0.18323244154453278
/content/drive/MyDrive/deepfake_project/celebdf_v2/pilot_faces/real/real__017__id11_0010__frame_04.jpg,real__017__id11_0010__frame_04.jpg,real__017__id11_0010,real,0,real,0,real,0.3790436089038849
/content/drive/MyDrive/deepfake_project/celebdf_v2/pilot_faces/real/real__017__id11_0010__frame_05.jpg,real__017__id11_0010__frame_05.jpg,real__017__id11_0010,real,0,real,0,real,0.1090271919965744
/content/drive/MyDrive/deepfake_project/celebdf_v2/pilot_faces/real/real__017__id11_0010__frame_06.jpg,real__017__id11_0010__frame_06.jpg,real__017__id11_0010,real,0,real,0,real,0.13417956233024597
/content/drive/MyDrive/deepfake_project/celebdf_v2/pilot_faces/real/real__017__id11_0010__frame_07.jpg,real__017__id11_0010__frame_07.jpg,real__017__id11_0010,real,0,real,0,real,0.18756015598773956
/content/drive/MyDrive/deepfake_project/celebdf_v2/pilot_faces/real/real__017__id11_0010__frame_08.jpg,real__017__id11_0010__frame_08.jpg,real__017__id11_0010,real,0,real,0,real,0.2527296245098114
/content/drive/MyDrive/deepfake_project/celebdf_v2/pilot_faces/real/real__017__id11_0010__frame_09.jpg,real__017__id11_0010__frame_09.jpg,real__017__id11_0010,real,0,real,0,real,0.06592637300491333
/content/drive/MyDrive/deepfake_project/celebdf_v2/pilot_faces/real/real__018__id1_0007__frame_00.jpg,real__018__id1_0007__frame_00.jpg,real__018__id1_0007,real,0,real,0,real,0.08383000642061234
/content/drive/MyDrive/deepfake_project/celebdf_v2/pilot_faces/real/real__018__id1_0007__frame_01.jpg,real__018__id1_0007__frame_01.jpg,real__018__id1_0007,real,0,real,0,real,0.10456075519323349
/content/drive/MyDrive/deepfake_project/celebdf_v2/pilot_faces/real/real__018__id1_0007__frame_02.jpg,real__018__id1_0007__frame_02.jpg,real__018__id1_0007,real,0,real,0,real,0.08473267406225204
/content/drive/MyDrive/deepfake_project/celebdf_v2/pilot_faces/real/real__018__id1_0007__frame_03.jpg,real__018__id1_0007__frame_03.jpg,real__018__id1_0007,real,0,real,0,real,0.06037953123450279
/content/drive/MyDrive/deepfake_project/celebdf_v2/pilot_faces/real/real__018__id1_0007__frame_04.jpg,real__018__id1_0007__frame_04.jpg,real__018__id1_0007,real,0,real,0,real,0.0956835225224495
/content/drive/MyDrive/deepfake_project/celebdf_v2/pilot_faces/real/real__018__id1_0007__frame_05.jpg,real__018__id1_0007__frame_05.jpg,real__018__id1_0007,real,0,real,0,real,0.07689482718706131
/content/drive/MyDrive/deepfake_project/celebdf_v2/pilot_faces/real/real__018__id1_0007__frame_06.jpg,real__018__id1_0007__frame_06.jpg,real__018__id1_0007,real,0,real,0,real,0.08626816421747208
/content/drive/MyDrive/deepfake_project/celebdf_v2/pilot_faces/real/real__018__id1_0007__frame_07.jpg,real__018__id1_0007__frame_07.jpg,real__018__id1_0007,real,0,real,0,real,0.07270241528749466
/content/drive/MyDrive/deepfake_project/celebdf_v2/pilot_faces/real/real__018__id1_0007__frame_08.jpg,real__018__id1_0007__frame_08.jpg,real__018__id1_0007,real,0,real,0,real,0.0694432258605957
/content/drive/MyDrive/deepfake_project/celebdf_v2/pilot_faces/real/real__018__id1_0007__frame_09.jpg,real__018__id1_0007__frame_09.jpg,real__018__id1_0007,real,0,real,0,real,0.10309410840272903
/content/drive/MyDrive/deepfake_project/celebdf_v2/pilot_faces/real/real__019__id31_0004__frame_00.jpg,real__019__id31_0004__frame_00.jpg,real__019__id31_0004,real,0,real,0,real,0.17467693984508514
/content/drive/MyDrive/deepfake_project/celebdf_v2/pilot_faces/real/real__019__id31_0004__frame_01.jpg,real__019__id31_0004__frame_01.jpg,real__019__id31_0004,real,0,real,0,real,0.38107916712760925
/content/drive/MyDrive/deepfake_project/celebdf_v2/pilot_faces/real/real__019__id31_0004__frame_02.jpg,real__019__id31_0004__frame_02.jpg,real__019__id31_0004,real,0,real,0,real,0.12316187471151352
/content/drive/MyDrive/deepfake_project/celebdf_v2/pilot_faces/real/real__019__id31_0004__frame_03.jpg,real__019__id31_0004__frame_03.jpg,real__019__id31_0004,real,0,real,0,real,0.0953742191195488
/content/drive/MyDrive/deepfake_project/celebdf_v2/pilot_faces/real/real__019__id31_0004__frame_04.jpg,real__019__id31_0004__frame_04.jpg,real__019__id31_0004,real,0,real,0,real,0.1344679296016693
/content/drive/MyDrive/deepfake_project/celebdf_v2/pilot_faces/real/real__019__id31_0004__frame_05.jpg,real__019__id31_0004__frame_05.jpg,real__019__id31_0004,real,0,real,0,real,0.10562947392463684
/content/drive/MyDrive/deepfake_project/celebdf_v2/pilot_faces/real/real__019__id31_0004__frame_06.jpg,real__019__id31_0004__frame_06.jpg,real__019__id31_0004,real,0,real,0,real,0.1316862255334854
/content/drive/MyDrive/deepfake_project/celebdf_v2/pilot_faces/real/real__019__id31_0004__frame_07.jpg,real__019__id31_0004__frame_07.jpg,real__019__id31_0004,real,0,real,0,real,0.1261274516582489
/content/drive/MyDrive/deepfake_project/celebdf_v2/pilot_faces/real/real__019__id31_0004__frame_08.jpg,real__019__id31_0004__frame_08.jpg,real__019__id31_0004,real,0,real,0,real,0.24286694824695587
/content/drive/MyDrive/deepfake_project/celebdf_v2/pilot_faces/real/real__019__id31_0004__frame_09.jpg,real__019__id31_0004__frame_09.jpg,real__019__id31_0004,real,0,real,0,real,0.4238013029098511
/content/drive/MyDrive/deepfake_project/celebdf_v2/pilot_faces/fake/fake__000__id28_id22_0005__frame_00.jpg,fake__000__id28_id22_0005__frame_00.jpg,fake__000__id28_id22_0005,fake,1,fake,0,real,0.10619999468326569
/content/drive/MyDrive/deepfake_project/celebdf_v2/pilot_faces/fake/fake__000__id28_id22_0005__frame_01.jpg,fake__000__id28_id22_0005__frame_01.jpg,fake__000__id28_id22_0005,fake,1,fake,0,real,0.08281039446592331
/content/drive/MyDrive/deepfake_project/celebdf_v2/pilot_faces/fake/fake__000__id28_id22_0005__frame_02.jpg,fake__000__id28_id22_0005__frame_02.jpg,fake__000__id28_id22_0005,fake,1,fake,0,real,0.045874014496803284
/content/drive/MyDrive/deepfake_project/celebdf_v2/pilot_faces/fake/fake__000__id28_id22_0005__frame_03.jpg,fake__000__id28_id22_0005__frame_03.jpg,fake__000__id28_id22_0005,fake,1,fake,0,real,0.09730131924152374
/content/drive/MyDrive/deepfake_project/celebdf_v2/pilot_faces/fake/fake__000__id28_id22_0005__frame_04.jpg,fake__000__id28_id22_0005__frame_04.jpg,fake__000__id28_id22_0005,fake,1,fake,0,real,0.2268204241991043
/content/drive/MyDrive/deepfake_project/celebdf_v2/pilot_faces/fake/fake__000__id28_id22_0005__frame_05.jpg,fake__000__id28_id22_0005__frame_05.jpg,fake__000__id28_id22_0005,fake,1,fake,0,real,0.1610216349363327
/content/drive/MyDrive/deepfake_project/celebdf_v2/pilot_faces/fake/fake__000__id28_id22_0005__frame_06.jpg,fake__000__id28_id22_0005__frame_06.jpg,fake__000__id28_id22_0005,fake,1,fake,0,real,0.07580584287643433
/content/drive/MyDrive/deepfake_project/celebdf_v2/pilot_faces/fake/fake__000__id28_id22_0005__frame_07.jpg,fake__000__id28_id22_0005__frame_07.jpg,fake__000__id28_id22_0005,fake,1,fake,0,real,0.41489341855049133
/content/drive/MyDrive/deepfake_project/celebdf_v2/pilot_faces/fake/fake__000__id28_id22_0005__frame_08.jpg,fake__000__id28_id22_0005__frame_08.jpg,fake__000__id28_id22_0005,fake,1,fake,0,real,0.09222761541604996
/content/drive/MyDrive/deepfake_project/celebdf_v2/pilot_faces/fake/fake__000__id28_id22_0005__frame_09.jpg,fake__000__id28_id22_0005__frame_09.jpg,fake__000__id28_id22_0005,fake,1,fake,0,real,0.17307333648204803
/content/drive/MyDrive/deepfake_project/celebdf_v2/pilot_faces/fake/fake__001__id46_id42_0000__frame_00.jpg,fake__001__id46_id42_0000__frame_00.jpg,fake__001__id46_id42_0000,fake,1,fake,0,real,0.06787023693323135
/content/drive/MyDrive/deepfake_project/celebdf_v2/pilot_faces/fake/fake__001__id46_id42_0000__frame_01.jpg,fake__001__id46_id42_0000__frame_01.jpg,fake__001__id46_id42_0000,fake,1,fake,0,real,0.05353415012359619
/content/drive/MyDrive/deepfake_project/celebdf_v2/pilot_faces/fake/fake__001__id46_id42_0000__frame_02.jpg,fake__001__id46_id42_0000__frame_02.jpg,fake__001__id46_id42_0000,fake,1,fake,0,real,0.09223887324333191
/content/drive/MyDrive/deepfake_project/celebdf_v2/pilot_faces/fake/fake__001__id46_id42_0000__frame_03.jpg,fake__001__id46_id42_0000__frame_03.jpg,fake__001__id46_id42_0000,fake,1,fake,0,real,0.06883228570222855
/content/drive/MyDrive/deepfake_project/celebdf_v2/pilot_faces/fake/fake__001__id46_id42_0000__frame_04.jpg,fake__001__id46_id42_0000__frame_04.jpg,fake__001__id46_id42_0000,fake,1,fake,0,real,0.0803849920630455
/content/drive/MyDrive/deepfake_project/celebdf_v2/pilot_faces/fake/fake__001__id46_id42_0000__frame_05.jpg,fake__001__id46_id42_0000__frame_05.jpg,fake__001__id46_id42_0000,fake,1,fake,0,real,0.3458947539329529
/content/drive/MyDrive/deepfake_project/celebdf_v2/pilot_faces/fake/fake__001__id46_id42_0000__frame_06.jpg,fake__001__id46_id42_0000__frame_06.jpg,fake__001__id46_id42_0000,fake,1,fake,0,real,0.25371837615966797
/content/drive/MyDrive/deepfake_project/celebdf_v2/pilot_faces/fake/fake__001__id46_id42_0000__frame_07.jpg,fake__001__id46_id42_0000__frame_07.jpg,fake__001__id46_id42_0000,fake,1,fake,0,real,0.1199817955493927
/content/drive/MyDrive/deepfake_project/celebdf_v2/pilot_faces/fake/fake__001__id46_id42_0000__frame_08.jpg,fake__001__id46_id42_0000__frame_08.jpg,fake__001__id46_id42_0000,fake,1,fake,0,real,0.17075462639331818
/content/drive/MyDrive/deepfake_project/celebdf_v2/pilot_faces/fake/fake__001__id46_id42_0000__frame_09.jpg,fake__001__id46_id42_0000__frame_09.jpg,fake__001__id46_id42_0000,fake,1,fake,0,real,0.09738308191299438
/content/drive/MyDrive/deepfake_project/celebdf_v2/pilot_faces/fake/fake__002__id54_id53_0006__frame_00.jpg,fake__002__id54_id53_0006__frame_00.jpg,fake__002__id54_id53_0006,fake,1,fake,0,real,0.23414921760559082
/content/drive/MyDrive/deepfake_project/celebdf_v2/pilot_faces/fake/fake__002__id54_id53_0006__frame_01.jpg,fake__002__id54_id53_0006__frame_01.jpg,fake__002__id54_id53_0006,fake,1,fake,1,fake,0.5015045404434204
/content/drive/MyDrive/deepfake_project/celebdf_v2/pilot_faces/fake/fake__002__id54_id53_0006__frame_02.jpg,fake__002__id54_id53_0006__frame_02.jpg,fake__002__id54_id53_0006,fake,1,fake,0,real,0.31817227602005005
/content/drive/MyDrive/deepfake_project/celebdf_v2/pilot_faces/fake/fake__002__id54_id53_0006__frame_03.jpg,fake__002__id54_id53_0006__frame_03.jpg,fake__002__id54_id53_0006,fake,1,fake,0,real,0.49988406896591187
/content/drive/MyDrive/deepfake_project/celebdf_v2/pilot_faces/fake/fake__002__id54_id53_0006__frame_04.jpg,fake__002__id54_id53_0006__frame_04.jpg,fake__002__id54_id53_0006,fake,1,fake,0,real,0.3695002496242523
/content/drive/MyDrive/deepfake_project/celebdf_v2/pilot_faces/fake/fake__002__id54_id53_0006__frame_05.jpg,fake__002__id54_id53_0006__frame_05.jpg,fake__002__id54_id53_0006,fake,1,fake,0,real,0.23868538439273834
/content/drive/MyDrive/deepfake_project/celebdf_v2/pilot_faces/fake/fake__002__id54_id53_0006__frame_06.jpg,fake__002__id54_id53_0006__frame_06.jpg,fake__002__id54_id53_0006,fake,1,fake,0,real,0.2383403778076172
/content/drive/MyDrive/deepfake_project/celebdf_v2/pilot_faces/fake/fake__002__id54_id53_0006__frame_07.jpg,fake__002__id54_id53_0006__frame_07.jpg,fake__002__id54_id53_0006,fake,1,fake,0,real,0.3645089864730835
/content/drive/MyDrive/deepfake_project/celebdf_v2/pilot_faces/fake/fake__002__id54_id53_0006__frame_08.jpg,fake__002__id54_id53_0006__frame_08.jpg,fake__002__id54_id53_0006,fake,1,fake,0,real,0.3666507303714752
/content/drive/MyDrive/deepfake_project/celebdf_v2/pilot_faces/fake/fake__002__id54_id53_0006__frame_09.jpg,fake__002__id54_id53_0006__frame_09.jpg,fake__002__id54_id53_0006,fake,1,fake,0,real,0.25022822618484497
/content/drive/MyDrive/deepfake_project/celebdf_v2/pilot_faces/fake/fake__003__id16_id17_0013__frame_00.jpg,fake__003__id16_id17_0013__frame_00.jpg,fake__003__id16_id17_0013,fake,1,fake,1,fake,0.7102137207984924
/content/drive/MyDrive/deepfake_project/celebdf_v2/pilot_faces/fake/fake__003__id16_id17_0013__frame_01.jpg,fake__003__id16_id17_0013__frame_01.jpg,fake__003__id16_id17_0013,fake,1,fake,1,fake,0.8612651228904724
/content/drive/MyDrive/deepfake_project/celebdf_v2/pilot_faces/fake/fake__003__id16_id17_0013__frame_02.jpg,fake__003__id16_id17_0013__frame_02.jpg,fake__003__id16_id17_0013,fake,1,fake,1,fake,0.7137289047241211
/content/drive/MyDrive/deepfake_project/celebdf_v2/pilot_faces/fake/fake__003__id16_id17_0013__frame_03.jpg,fake__003__id16_id17_0013__frame_03.jpg,fake__003__id16_id17_0013,fake,1,fake,1,fake,0.6559563875198364
/content/drive/MyDrive/deepfake_project/celebdf_v2/pilot_faces/fake/fake__003__id16_id17_0013__frame_04.jpg,fake__003__id16_id17_0013__frame_04.jpg,fake__003__id16_id17_0013,fake,1,fake,1,fake,0.8150338530540466
/content/drive/MyDrive/deepfake_project/celebdf_v2/pilot_faces/fake/fake__003__id16_id17_0013__frame_05.jpg,fake__003__id16_id17_0013__frame_05.jpg,fake__003__id16_id17_0013,fake,1,fake,1,fake,0.959551990032196
/content/drive/MyDrive/deepfake_project/celebdf_v2/pilot_faces/fake/fake__003__id16_id17_0013__frame_06.jpg,fake__003__id16_id17_0013__frame_06.jpg,fake__003__id16_id17_0013,fake,1,fake,1,fake,0.7463459372520447
/content/drive/MyDrive/deepfake_project/celebdf_v2/pilot_faces/fake/fake__003__id16_id17_0013__frame_07.jpg,fake__003__id16_id17_0013__frame_07.jpg,fake__003__id16_id17_0013,fake,1,fake,1,fake,0.8299254775047302
/content/drive/MyDrive/deepfake_project/celebdf_v2/pilot_faces/fake/fake__003__id16_id17_0013__frame_08.jpg,fake__003__id16_id17_0013__frame_08.jpg,fake__003__id16_id17_0013,fake,1,fake,1,fake,0.682120144367218
/content/drive/MyDrive/deepfake_project/celebdf_v2/pilot_faces/fake/fake__003__id16_id17_0013__frame_09.jpg,fake__003__id16_id17_0013__frame_09.jpg,fake__003__id16_id17_0013,fake,1,fake,1,fake,0.6040859222412109
/content/drive/MyDrive/deepfake_project/celebdf_v2/pilot_faces/fake/fake__004__id50_id49_0009__frame_00.jpg,fake__004__id50_id49_0009__frame_00.jpg,fake__004__id50_id49_0009,fake,1,fake,0,real,0.23306338489055634
/content/drive/MyDrive/deepfake_project/celebdf_v2/pilot_faces/fake/fake__004__id50_id49_0009__frame_01.jpg,fake__004__id50_id49_0009__frame_01.jpg,fake__004__id50_id49_0009,fake,1,fake,0,real,0.238718181848526
/content/drive/MyDrive/deepfake_project/celebdf_v2/pilot_faces/fake/fake__004__id50_id49_0009__frame_02.jpg,fake__004__id50_id49_0009__frame_02.jpg,fake__004__id50_id49_0009,fake,1,fake,0,real,0.3434935212135315
/content/drive/MyDrive/deepfake_project/celebdf_v2/pilot_faces/fake/fake__004__id50_id49_0009__frame_03.jpg,fake__004__id50_id49_0009__frame_03.jpg,fake__004__id50_id49_0009,fake,1,fake,0,real,0.3679073750972748
/content/drive/MyDrive/deepfake_project/celebdf_v2/pilot_faces/fake/fake__004__id50_id49_0009__frame_04.jpg,fake__004__id50_id49_0009__frame_04.jpg,fake__004__id50_id49_0009,fake,1,fake,0,real,0.406657338142395
/content/drive/MyDrive/deepfake_project/celebdf_v2/pilot_faces/fake/fake__004__id50_id49_0009__frame_05.jpg,fake__004__id50_id49_0009__frame_05.jpg,fake__004__id50_id49_0009,fake,1,fake,0,real,0.1345757395029068
/content/drive/MyDrive/deepfake_project/celebdf_v2/pilot_faces/fake/fake__004__id50_id49_0009__frame_06.jpg,fake__004__id50_id49_0009__frame_06.jpg,fake__004__id50_id49_0009,fake,1,fake,0,real,0.25686752796173096
/content/drive/MyDrive/deepfake_project/celebdf_v2/pilot_faces/fake/fake__004__id50_id49_0009__frame_07.jpg,fake__004__id50_id49_0009__frame_07.jpg,fake__004__id50_id49_0009,fake,1,fake,0,real,0.1610039472579956
/content/drive/MyDrive/deepfake_project/celebdf_v2/pilot_faces/fake/fake__004__id50_id49_0009__frame_08.jpg,fake__004__id50_id49_0009__frame_08.jpg,fake__004__id50_id49_0009,fake,1,fake,0,real,0.2447393536567688
/content/drive/MyDrive/deepfake_project/celebdf_v2/pilot_faces/fake/fake__004__id50_id49_0009__frame_09.jpg,fake__004__id50_id49_0009__frame_09.jpg,fake__004__id50_id49_0009,fake,1,fake,0,real,0.22919361293315887
/content/drive/MyDrive/deepfake_project/celebdf_v2/pilot_faces/fake/fake__005__id26_id21_0005__frame_00.jpg,fake__005__id26_id21_0005__frame_00.jpg,fake__005__id26_id21_0005,fake,1,fake,0,real,0.14451013505458832
/content/drive/MyDrive/deepfake_project/celebdf_v2/pilot_faces/fake/fake__005__id26_id21_0005__frame_01.jpg,fake__005__id26_id21_0005__frame_01.jpg,fake__005__id26_id21_0005,fake,1,fake,0,real,0.25298017263412476
/content/drive/MyDrive/deepfake_project/celebdf_v2/pilot_faces/fake/fake__005__id26_id21_0005__frame_02.jpg,fake__005__id26_id21_0005__frame_02.jpg,fake__005__id26_id21_0005,fake,1,fake,0,real,0.15330767631530762
/content/drive/MyDrive/deepfake_project/celebdf_v2/pilot_faces/fake/fake__005__id26_id21_0005__frame_03.jpg,fake__005__id26_id21_0005__frame_03.jpg,fake__005__id26_id21_0005,fake,1,fake,0,real,0.28186941146850586
/content/drive/MyDrive/deepfake_project/celebdf_v2/pilot_faces/fake/fake__005__id26_id21_0005__frame_04.jpg,fake__005__id26_id21_0005__frame_04.jpg,fake__005__id26_id21_0005,fake,1,fake,0,real,0.13297507166862488
/content/drive/MyDrive/deepfake_project/celebdf_v2/pilot_faces/fake/fake__005__id26_id21_0005__frame_05.jpg,fake__005__id26_id21_0005__frame_05.jpg,fake__005__id26_id21_0005,fake,1,fake,0,real,0.19785550236701965
/content/drive/MyDrive/deepfake_project/celebdf_v2/pilot_faces/fake/fake__005__id26_id21_0005__frame_06.jpg,fake__005__id26_id21_0005__frame_06.jpg,fake__005__id26_id21_0005,fake,1,fake,0,real,0.25547924637794495
/content/drive/MyDrive/deepfake_project/celebdf_v2/pilot_faces/fake/fake__005__id26_id21_0005__frame_07.jpg,fake__005__id26_id21_0005__frame_07.jpg,fake__005__id26_id21_0005,fake,1,fake,0,real,0.3524667024612427
/content/drive/MyDrive/deepfake_project/celebdf_v2/pilot_faces/fake/fake__005__id26_id21_0005__frame_08.jpg,fake__005__id26_id21_0005__frame_08.jpg,fake__005__id26_id21_0005,fake,1,fake,0,real,0.1268949657678604
/content/drive/MyDrive/deepfake_project/celebdf_v2/pilot_faces/fake/fake__005__id26_id21_0005__frame_09.jpg,fake__005__id26_id21_0005__frame_09.jpg,fake__005__id26_id21_0005,fake,1,fake,0,real,0.393110066652298
/content/drive/MyDrive/deepfake_project/celebdf_v2/pilot_faces/fake/fake__006__id6_id0_0004__frame_00.jpg,fake__006__id6_id0_0004__frame_00.jpg,fake__006__id6_id0_0004,fake,1,fake,1,fake,0.7673009634017944
/content/drive/MyDrive/deepfake_project/celebdf_v2/pilot_faces/fake/fake__006__id6_id0_0004__frame_01.jpg,fake__006__id6_id0_0004__frame_01.jpg,fake__006__id6_id0_0004,fake,1,fake,1,fake,0.9691880941390991
/content/drive/MyDrive/deepfake_project/celebdf_v2/pilot_faces/fake/fake__006__id6_id0_0004__frame_02.jpg,fake__006__id6_id0_0004__frame_02.jpg,fake__006__id6_id0_0004,fake,1,fake,1,fake,0.8781569004058838
/content/drive/MyDrive/deepfake_project/celebdf_v2/pilot_faces/fake/fake__006__id6_id0_0004__frame_03.jpg,fake__006__id6_id0_0004__frame_03.jpg,fake__006__id6_id0_0004,fake,1,fake,1,fake,0.9327932596206665
/content/drive/MyDrive/deepfake_project/celebdf_v2/pilot_faces/fake/fake__006__id6_id0_0004__frame_04.jpg,fake__006__id6_id0_0004__frame_04.jpg,fake__006__id6_id0_0004,fake,1,fake,1,fake,0.8793026804924011
/content/drive/MyDrive/deepfake_project/celebdf_v2/pilot_faces/fake/fake__006__id6_id0_0004__frame_05.jpg,fake__006__id6_id0_0004__frame_05.jpg,fake__006__id6_id0_0004,fake,1,fake,1,fake,0.9759849309921265
/content/drive/MyDrive/deepfake_project/celebdf_v2/pilot_faces/fake/fake__006__id6_id0_0004__frame_06.jpg,fake__006__id6_id0_0004__frame_06.jpg,fake__006__id6_id0_0004,fake,1,fake,1,fake,0.6656182408332825
/content/drive/MyDrive/deepfake_project/celebdf_v2/pilot_faces/fake/fake__006__id6_id0_0004__frame_07.jpg,fake__006__id6_id0_0004__frame_07.jpg,fake__006__id6_id0_0004,fake,1,fake,1,fake,0.8935787081718445
/content/drive/MyDrive/deepfake_project/celebdf_v2/pilot_faces/fake/fake__006__id6_id0_0004__frame_08.jpg,fake__006__id6_id0_0004__frame_08.jpg,fake__006__id6_id0_0004,fake,1,fake,1,fake,0.8684225082397461
/content/drive/MyDrive/deepfake_project/celebdf_v2/pilot_faces/fake/fake__006__id6_id0_0004__frame_09.jpg,fake__006__id6_id0_0004__frame_09.jpg,fake__006__id6_id0_0004,fake,1,fake,1,fake,0.5561608076095581
/content/drive/MyDrive/deepfake_project/celebdf_v2/pilot_faces/fake/fake__007__id4_id1_0005__frame_00.jpg,fake__007__id4_id1_0005__frame_00.jpg,fake__007__id4_id1_0005,fake,1,fake,0,real,0.12004680931568146
/content/drive/MyDrive/deepfake_project/celebdf_v2/pilot_faces/fake/fake__007__id4_id1_0005__frame_01.jpg,fake__007__id4_id1_0005__frame_01.jpg,fake__007__id4_id1_0005,fake,1,fake,0,real,0.35102224349975586
/content/drive/MyDrive/deepfake_project/celebdf_v2/pilot_faces/fake/fake__007__id4_id1_0005__frame_02.jpg,fake__007__id4_id1_0005__frame_02.jpg,fake__007__id4_id1_0005,fake,1,fake,0,real,0.23127566277980804
/content/drive/MyDrive/deepfake_project/celebdf_v2/pilot_faces/fake/fake__007__id4_id1_0005__frame_03.jpg,fake__007__id4_id1_0005__frame_03.jpg,fake__007__id4_id1_0005,fake,1,fake,0,real,0.46997034549713135
/content/drive/MyDrive/deepfake_project/celebdf_v2/pilot_faces/fake/fake__007__id4_id1_0005__frame_04.jpg,fake__007__id4_id1_0005__frame_04.jpg,fake__007__id4_id1_0005,fake,1,fake,0,real,0.40587690472602844
/content/drive/MyDrive/deepfake_project/celebdf_v2/pilot_faces/fake/fake__007__id4_id1_0005__frame_05.jpg,fake__007__id4_id1_0005__frame_05.jpg,fake__007__id4_id1_0005,fake,1,fake,0,real,0.49822527170181274
/content/drive/MyDrive/deepfake_project/celebdf_v2/pilot_faces/fake/fake__007__id4_id1_0005__frame_06.jpg,fake__007__id4_id1_0005__frame_06.jpg,fake__007__id4_id1_0005,fake,1,fake,1,fake,0.9073519110679626
/content/drive/MyDrive/deepfake_project/celebdf_v2/pilot_faces/fake/fake__007__id4_id1_0005__frame_07.jpg,fake__007__id4_id1_0005__frame_07.jpg,fake__007__id4_id1_0005,fake,1,fake,0,real,0.21789562702178955
/content/drive/MyDrive/deepfake_project/celebdf_v2/pilot_faces/fake/fake__007__id4_id1_0005__frame_08.jpg,fake__007__id4_id1_0005__frame_08.jpg,fake__007__id4_id1_0005,fake,1,fake,1,fake,0.5975232124328613
/content/drive/MyDrive/deepfake_project/celebdf_v2/pilot_faces/fake/fake__007__id4_id1_0005__frame_09.jpg,fake__007__id4_id1_0005__frame_09.jpg,fake__007__id4_id1_0005,fake,1,fake,1,fake,0.5783183574676514
/content/drive/MyDrive/deepfake_project/celebdf_v2/pilot_faces/fake/fake__008__id38_id31_0004__frame_00.jpg,fake__008__id38_id31_0004__frame_00.jpg,fake__008__id38_id31_0004,fake,1,fake,0,real,0.38383015990257263
/content/drive/MyDrive/deepfake_project/celebdf_v2/pilot_faces/fake/fake__008__id38_id31_0004__frame_01.jpg,fake__008__id38_id31_0004__frame_01.jpg,fake__008__id38_id31_0004,fake,1,fake,1,fake,0.5051032304763794
/content/drive/MyDrive/deepfake_project/celebdf_v2/pilot_faces/fake/fake__008__id38_id31_0004__frame_02.jpg,fake__008__id38_id31_0004__frame_02.jpg,fake__008__id38_id31_0004,fake,1,fake,0,real,0.36511144042015076
/content/drive/MyDrive/deepfake_project/celebdf_v2/pilot_faces/fake/fake__008__id38_id31_0004__frame_03.jpg,fake__008__id38_id31_0004__frame_03.jpg,fake__008__id38_id31_0004,fake,1,fake,0,real,0.302350252866745
/content/drive/MyDrive/deepfake_project/celebdf_v2/pilot_faces/fake/fake__008__id38_id31_0004__frame_04.jpg,fake__008__id38_id31_0004__frame_04.jpg,fake__008__id38_id31_0004,fake,1,fake,1,fake,0.6148636341094971
/content/drive/MyDrive/deepfake_project/celebdf_v2/pilot_faces/fake/fake__008__id38_id31_0004__frame_05.jpg,fake__008__id38_id31_0004__frame_05.jpg,fake__008__id38_id31_0004,fake,1,fake,0,real,0.2081821858882904
/content/drive/MyDrive/deepfake_project/celebdf_v2/pilot_faces/fake/fake__008__id38_id31_0004__frame_06.jpg,fake__008__id38_id31_0004__frame_06.jpg,fake__008__id38_id31_0004,fake,1,fake,1,fake,0.5802928805351257
/content/drive/MyDrive/deepfake_project/celebdf_v2/pilot_faces/fake/fake__008__id38_id31_0004__frame_07.jpg,fake__008__id38_id31_0004__frame_07.jpg,fake__008__id38_id31_0004,fake,1,fake,0,real,0.3956950902938843
/content/drive/MyDrive/deepfake_project/celebdf_v2/pilot_faces/fake/fake__008__id38_id31_0004__frame_08.jpg,fake__008__id38_id31_0004__frame_08.jpg,fake__008__id38_id31_0004,fake,1,fake,1,fake,0.7138024568557739
/content/drive/MyDrive/deepfake_project/celebdf_v2/pilot_faces/fake/fake__008__id38_id31_0004__frame_09.jpg,fake__008__id38_id31_0004__frame_09.jpg,fake__008__id38_id31_0004,fake,1,fake,1,fake,0.5161713361740112
/content/drive/MyDrive/deepfake_project/celebdf_v2/pilot_faces/fake/fake__009__id27_id24_0006__frame_00.jpg,fake__009__id27_id24_0006__frame_00.jpg,fake__009__id27_id24_0006,fake,1,fake,0,real,0.4543209969997406
/content/drive/MyDrive/deepfake_project/celebdf_v2/pilot_faces/fake/fake__009__id27_id24_0006__frame_01.jpg,fake__009__id27_id24_0006__frame_01.jpg,fake__009__id27_id24_0006,fake,1,fake,0,real,0.35283851623535156
/content/drive/MyDrive/deepfake_project/celebdf_v2/pilot_faces/fake/fake__009__id27_id24_0006__frame_02.jpg,fake__009__id27_id24_0006__frame_02.jpg,fake__009__id27_id24_0006,fake,1,fake,0,real,0.23467327654361725
/content/drive/MyDrive/deepfake_project/celebdf_v2/pilot_faces/fake/fake__009__id27_id24_0006__frame_03.jpg,fake__009__id27_id24_0006__frame_03.jpg,fake__009__id27_id24_0006,fake,1,fake,0,real,0.24313946068286896
/content/drive/MyDrive/deepfake_project/celebdf_v2/pilot_faces/fake/fake__009__id27_id24_0006__frame_04.jpg,fake__009__id27_id24_0006__frame_04.jpg,fake__009__id27_id24_0006,fake,1,fake,0,real,0.23911330103874207
/content/drive/MyDrive/deepfake_project/celebdf_v2/pilot_faces/fake/fake__009__id27_id24_0006__frame_05.jpg,fake__009__id27_id24_0006__frame_05.jpg,fake__009__id27_id24_0006,fake,1,fake,0,real,0.22593429684638977
/content/drive/MyDrive/deepfake_project/celebdf_v2/pilot_faces/fake/fake__009__id27_id24_0006__frame_06.jpg,fake__009__id27_id24_0006__frame_06.jpg,fake__009__id27_id24_0006,fake,1,fake,0,real,0.3447687327861786
/content/drive/MyDrive/deepfake_project/celebdf_v2/pilot_faces/fake/fake__009__id27_id24_0006__frame_07.jpg,fake__009__id27_id24_0006__frame_07.jpg,fake__009__id27_id24_0006,fake,1,fake,0,real,0.17064343392848969
/content/drive/MyDrive/deepfake_project/celebdf_v2/pilot_faces/fake/fake__009__id27_id24_0006__frame_08.jpg,fake__009__id27_id24_0006__frame_08.jpg,fake__009__id27_id24_0006,fake,1,fake,0,real,0.2105787843465805
/content/drive/MyDrive/deepfake_project/celebdf_v2/pilot_faces/fake/fake__009__id27_id24_0006__frame_09.jpg,fake__009__id27_id24_0006__frame_09.jpg,fake__009__id27_id24_0006,fake,1,fake,0,real,0.48754093050956726
/content/drive/MyDrive/deepfake_project/celebdf_v2/pilot_faces/fake/fake__010__id3_id37_0001__frame_00.jpg,fake__010__id3_id37_0001__frame_00.jpg,fake__010__id3_id37_0001,fake,1,fake,0,real,0.12023024260997772
/content/drive/MyDrive/deepfake_project/celebdf_v2/pilot_faces/fake/fake__010__id3_id37_0001__frame_01.jpg,fake__010__id3_id37_0001__frame_01.jpg,fake__010__id3_id37_0001,fake,1,fake,0,real,0.0804998055100441
/content/drive/MyDrive/deepfake_project/celebdf_v2/pilot_faces/fake/fake__010__id3_id37_0001__frame_02.jpg,fake__010__id3_id37_0001__frame_02.jpg,fake__010__id3_id37_0001,fake,1,fake,0,real,0.04889781028032303
/content/drive/MyDrive/deepfake_project/celebdf_v2/pilot_faces/fake/fake__010__id3_id37_0001__frame_03.jpg,fake__010__id3_id37_0001__frame_03.jpg,fake__010__id3_id37_0001,fake,1,fake,0,real,0.1563269942998886
/content/drive/MyDrive/deepfake_project/celebdf_v2/pilot_faces/fake/fake__010__id3_id37_0001__frame_04.jpg,fake__010__id3_id37_0001__frame_04.jpg,fake__010__id3_id37_0001,fake,1,fake,0,real,0.0499601773917675
/content/drive/MyDrive/deepfake_project/celebdf_v2/pilot_faces/fake/fake__010__id3_id37_0001__frame_05.jpg,fake__010__id3_id37_0001__frame_05.jpg,fake__010__id3_id37_0001,fake,1,fake,0,real,0.09532620757818222
/content/drive/MyDrive/deepfake_project/celebdf_v2/pilot_faces/fake/fake__010__id3_id37_0001__frame_06.jpg,fake__010__id3_id37_0001__frame_06.jpg,fake__010__id3_id37_0001,fake,1,fake,0,real,0.18488167226314545
/content/drive/MyDrive/deepfake_project/celebdf_v2/pilot_faces/fake/fake__010__id3_id37_0001__frame_07.jpg,fake__010__id3_id37_0001__frame_07.jpg,fake__010__id3_id37_0001,fake,1,fake,0,real,0.04448225349187851
/content/drive/MyDrive/deepfake_project/celebdf_v2/pilot_faces/fake/fake__010__id3_id37_0001__frame_08.jpg,fake__010__id3_id37_0001__frame_08.jpg,fake__010__id3_id37_0001,fake,1,fake,0,real,0.10016056895256042
/content/drive/MyDrive/deepfake_project/celebdf_v2/pilot_faces/fake/fake__010__id3_id37_0001__frame_09.jpg,fake__010__id3_id37_0001__frame_09.jpg,fake__010__id3_id37_0001,fake,1,fake,0,real,0.1708703190088272
/content/drive/MyDrive/deepfake_project/celebdf_v2/pilot_faces/fake/fake__011__id53_id51_0002__frame_00.jpg,fake__011__id53_id51_0002__frame_00.jpg,fake__011__id53_id51_0002,fake,1,fake,0,real,0.23853373527526855
/content/drive/MyDrive/deepfake_project/celebdf_v2/pilot_faces/fake/fake__011__id53_id51_0002__frame_01.jpg,fake__011__id53_id51_0002__frame_01.jpg,fake__011__id53_id51_0002,fake,1,fake,0,real,0.1923244148492813
/content/drive/MyDrive/deepfake_project/celebdf_v2/pilot_faces/fake/fake__011__id53_id51_0002__frame_02.jpg,fake__011__id53_id51_0002__frame_02.jpg,fake__011__id53_id51_0002,fake,1,fake,1,fake,0.859309732913971
/content/drive/MyDrive/deepfake_project/celebdf_v2/pilot_faces/fake/fake__011__id53_id51_0002__frame_03.jpg,fake__011__id53_id51_0002__frame_03.jpg,fake__011__id53_id51_0002,fake,1,fake,0,real,0.2116745412349701
/content/drive/MyDrive/deepfake_project/celebdf_v2/pilot_faces/fake/fake__011__id53_id51_0002__frame_04.jpg,fake__011__id53_id51_0002__frame_04.jpg,fake__011__id53_id51_0002,fake,1,fake,0,real,0.13755223155021667
/content/drive/MyDrive/deepfake_project/celebdf_v2/pilot_faces/fake/fake__011__id53_id51_0002__frame_05.jpg,fake__011__id53_id51_0002__frame_05.jpg,fake__011__id53_id51_0002,fake,1,fake,0,real,0.16273559629917145
/content/drive/MyDrive/deepfake_project/celebdf_v2/pilot_faces/fake/fake__011__id53_id51_0002__frame_06.jpg,fake__011__id53_id51_0002__frame_06.jpg,fake__011__id53_id51_0002,fake,1,fake,0,real,0.32625624537467957
/content/drive/MyDrive/deepfake_project/celebdf_v2/pilot_faces/fake/fake__011__id53_id51_0002__frame_07.jpg,fake__011__id53_id51_0002__frame_07.jpg,fake__011__id53_id51_0002,fake,1,fake,1,fake,0.537405788898468
/content/drive/MyDrive/deepfake_project/celebdf_v2/pilot_faces/fake/fake__011__id53_id51_0002__frame_08.jpg,fake__011__id53_id51_0002__frame_08.jpg,fake__011__id53_id51_0002,fake,1,fake,0,real,0.2431723028421402
/content/drive/MyDrive/deepfake_project/celebdf_v2/pilot_faces/fake/fake__011__id53_id51_0002__frame_09.jpg,fake__011__id53_id51_0002__frame_09.jpg,fake__011__id53_id51_0002,fake,1,fake,1,fake,0.605451226234436
/content/drive/MyDrive/deepfake_project/celebdf_v2/pilot_faces/fake/fake__012__id2_id30_0004__frame_00.jpg,fake__012__id2_id30_0004__frame_00.jpg,fake__012__id2_id30_0004,fake,1,fake,0,real,0.21546544134616852
/content/drive/MyDrive/deepfake_project/celebdf_v2/pilot_faces/fake/fake__012__id2_id30_0004__frame_01.jpg,fake__012__id2_id30_0004__frame_01.jpg,fake__012__id2_id30_0004,fake,1,fake,0,real,0.4054270386695862
/content/drive/MyDrive/deepfake_project/celebdf_v2/pilot_faces/fake/fake__012__id2_id30_0004__frame_02.jpg,fake__012__id2_id30_0004__frame_02.jpg,fake__012__id2_id30_0004,fake,1,fake,0,real,0.40038782358169556
/content/drive/MyDrive/deepfake_project/celebdf_v2/pilot_faces/fake/fake__012__id2_id30_0004__frame_03.jpg,fake__012__id2_id30_0004__frame_03.jpg,fake__012__id2_id30_0004,fake,1,fake,0,real,0.32185524702072144
/content/drive/MyDrive/deepfake_project/celebdf_v2/pilot_faces/fake/fake__012__id2_id30_0004__frame_04.jpg,fake__012__id2_id30_0004__frame_04.jpg,fake__012__id2_id30_0004,fake,1,fake,0,real,0.29635465145111084
/content/drive/MyDrive/deepfake_project/celebdf_v2/pilot_faces/fake/fake__012__id2_id30_0004__frame_05.jpg,fake__012__id2_id30_0004__frame_05.jpg,fake__012__id2_id30_0004,fake,1,fake,0,real,0.07745309174060822
/content/drive/MyDrive/deepfake_project/celebdf_v2/pilot_faces/fake/fake__012__id2_id30_0004__frame_06.jpg,fake__012__id2_id30_0004__frame_06.jpg,fake__012__id2_id30_0004,fake,1,fake,0,real,0.18711009621620178
/content/drive/MyDrive/deepfake_project/celebdf_v2/pilot_faces/fake/fake__012__id2_id30_0004__frame_07.jpg,fake__012__id2_id30_0004__frame_07.jpg,fake__012__id2_id30_0004,fake,1,fake,0,real,0.3402533531188965
/content/drive/MyDrive/deepfake_project/celebdf_v2/pilot_faces/fake/fake__012__id2_id30_0004__frame_08.jpg,fake__012__id2_id30_0004__frame_08.jpg,fake__012__id2_id30_0004,fake,1,fake,0,real,0.393436998128891
/content/drive/MyDrive/deepfake_project/celebdf_v2/pilot_faces/fake/fake__012__id2_id30_0004__frame_09.jpg,fake__012__id2_id30_0004__frame_09.jpg,fake__012__id2_id30_0004,fake,1,fake,0,real,0.3004264831542969
/content/drive/MyDrive/deepfake_project/celebdf_v2/pilot_faces/fake/fake__013__id0_id26_0002__frame_00.jpg,fake__013__id0_id26_0002__frame_00.jpg,fake__013__id0_id26_0002,fake,1,fake,0,real,0.1572200059890747
/content/drive/MyDrive/deepfake_project/celebdf_v2/pilot_faces/fake/fake__013__id0_id26_0002__frame_01.jpg,fake__013__id0_id26_0002__frame_01.jpg,fake__013__id0_id26_0002,fake,1,fake,1,fake,0.5902384519577026
/content/drive/MyDrive/deepfake_project/celebdf_v2/pilot_faces/fake/fake__013__id0_id26_0002__frame_02.jpg,fake__013__id0_id26_0002__frame_02.jpg,fake__013__id0_id26_0002,fake,1,fake,0,real,0.33591461181640625
/content/drive/MyDrive/deepfake_project/celebdf_v2/pilot_faces/fake/fake__013__id0_id26_0002__frame_03.jpg,fake__013__id0_id26_0002__frame_03.jpg,fake__013__id0_id26_0002,fake,1,fake,0,real,0.1351308375597
/content/drive/MyDrive/deepfake_project/celebdf_v2/pilot_faces/fake/fake__013__id0_id26_0002__frame_04.jpg,fake__013__id0_id26_0002__frame_04.jpg,fake__013__id0_id26_0002,fake,1,fake,0,real,0.2926054298877716
/content/drive/MyDrive/deepfake_project/celebdf_v2/pilot_faces/fake/fake__013__id0_id26_0002__frame_05.jpg,fake__013__id0_id26_0002__frame_05.jpg,fake__013__id0_id26_0002,fake,1,fake,0,real,0.20563560724258423
/content/drive/MyDrive/deepfake_project/celebdf_v2/pilot_faces/fake/fake__013__id0_id26_0002__frame_06.jpg,fake__013__id0_id26_0002__frame_06.jpg,fake__013__id0_id26_0002,fake,1,fake,0,real,0.26767316460609436
/content/drive/MyDrive/deepfake_project/celebdf_v2/pilot_faces/fake/fake__013__id0_id26_0002__frame_07.jpg,fake__013__id0_id26_0002__frame_07.jpg,fake__013__id0_id26_0002,fake,1,fake,0,real,0.47674232721328735
/content/drive/MyDrive/deepfake_project/celebdf_v2/pilot_faces/fake/fake__013__id0_id26_0002__frame_08.jpg,fake__013__id0_id26_0002__frame_08.jpg,fake__013__id0_id26_0002,fake,1,fake,0,real,0.29707303643226624
/content/drive/MyDrive/deepfake_project/celebdf_v2/pilot_faces/fake/fake__013__id0_id26_0002__frame_09.jpg,fake__013__id0_id26_0002__frame_09.jpg,fake__013__id0_id26_0002,fake,1,fake,0,real,0.49566251039505005
/content/drive/MyDrive/deepfake_project/celebdf_v2/pilot_faces/fake/fake__014__id23_id26_0000__frame_00.jpg,fake__014__id23_id26_0000__frame_00.jpg,fake__014__id23_id26_0000,fake,1,fake,0,real,0.2845735549926758
/content/drive/MyDrive/deepfake_project/celebdf_v2/pilot_faces/fake/fake__014__id23_id26_0000__frame_01.jpg,fake__014__id23_id26_0000__frame_01.jpg,fake__014__id23_id26_0000,fake,1,fake,0,real,0.386556476354599
/content/drive/MyDrive/deepfake_project/celebdf_v2/pilot_faces/fake/fake__014__id23_id26_0000__frame_02.jpg,fake__014__id23_id26_0000__frame_02.jpg,fake__014__id23_id26_0000,fake,1,fake,0,real,0.4167248010635376
/content/drive/MyDrive/deepfake_project/celebdf_v2/pilot_faces/fake/fake__014__id23_id26_0000__frame_03.jpg,fake__014__id23_id26_0000__frame_03.jpg,fake__014__id23_id26_0000,fake,1,fake,0,real,0.4468110501766205
/content/drive/MyDrive/deepfake_project/celebdf_v2/pilot_faces/fake/fake__014__id23_id26_0000__frame_04.jpg,fake__014__id23_id26_0000__frame_04.jpg,fake__014__id23_id26_0000,fake,1,fake,0,real,0.3107411563396454
/content/drive/MyDrive/deepfake_project/celebdf_v2/pilot_faces/fake/fake__014__id23_id26_0000__frame_05.jpg,fake__014__id23_id26_0000__frame_05.jpg,fake__014__id23_id26_0000,fake,1,fake,0,real,0.26407691836357117
/content/drive/MyDrive/deepfake_project/celebdf_v2/pilot_faces/fake/fake__014__id23_id26_0000__frame_06.jpg,fake__014__id23_id26_0000__frame_06.jpg,fake__014__id23_id26_0000,fake,1,fake,0,real,0.4217034876346588
/content/drive/MyDrive/deepfake_project/celebdf_v2/pilot_faces/fake/fake__014__id23_id26_0000__frame_07.jpg,fake__014__id23_id26_0000__frame_07.jpg,fake__014__id23_id26_0000,fake,1,fake,0,real,0.3316470682621002
/content/drive/MyDrive/deepfake_project/celebdf_v2/pilot_faces/fake/fake__014__id23_id26_0000__frame_08.jpg,fake__014__id23_id26_0000__frame_08.jpg,fake__014__id23_id26_0000,fake,1,fake,0,real,0.2723398208618164
/content/drive/MyDrive/deepfake_project/celebdf_v2/pilot_faces/fake/fake__014__id23_id26_0000__frame_09.jpg,fake__014__id23_id26_0000__frame_09.jpg,fake__014__id23_id26_0000,fake,1,fake,0,real,0.21185551583766937
/content/drive/MyDrive/deepfake_project/celebdf_v2/pilot_faces/fake/fake__015__id38_id34_0006__frame_00.jpg,fake__015__id38_id34_0006__frame_00.jpg,fake__015__id38_id34_0006,fake,1,fake,0,real,0.15976031124591827
/content/drive/MyDrive/deepfake_project/celebdf_v2/pilot_faces/fake/fake__015__id38_id34_0006__frame_01.jpg,fake__015__id38_id34_0006__frame_01.jpg,fake__015__id38_id34_0006,fake,1,fake,0,real,0.17984209954738617
/content/drive/MyDrive/deepfake_project/celebdf_v2/pilot_faces/fake/fake__015__id38_id34_0006__frame_02.jpg,fake__015__id38_id34_0006__frame_02.jpg,fake__015__id38_id34_0006,fake,1,fake,0,real,0.3290746510028839
/content/drive/MyDrive/deepfake_project/celebdf_v2/pilot_faces/fake/fake__015__id38_id34_0006__frame_03.jpg,fake__015__id38_id34_0006__frame_03.jpg,fake__015__id38_id34_0006,fake,1,fake,0,real,0.27340590953826904
/content/drive/MyDrive/deepfake_project/celebdf_v2/pilot_faces/fake/fake__015__id38_id34_0006__frame_04.jpg,fake__015__id38_id34_0006__frame_04.jpg,fake__015__id38_id34_0006,fake,1,fake,0,real,0.348895400762558
/content/drive/MyDrive/deepfake_project/celebdf_v2/pilot_faces/fake/fake__015__id38_id34_0006__frame_05.jpg,fake__015__id38_id34_0006__frame_05.jpg,fake__015__id38_id34_0006,fake,1,fake,0,real,0.42639094591140747
/content/drive/MyDrive/deepfake_project/celebdf_v2/pilot_faces/fake/fake__015__id38_id34_0006__frame_06.jpg,fake__015__id38_id34_0006__frame_06.jpg,fake__015__id38_id34_0006,fake,1,fake,0,real,0.31380146741867065
/content/drive/MyDrive/deepfake_project/celebdf_v2/pilot_faces/fake/fake__015__id38_id34_0006__frame_07.jpg,fake__015__id38_id34_0006__frame_07.jpg,fake__015__id38_id34_0006,fake,1,fake,0,real,0.3741046190261841
/content/drive/MyDrive/deepfake_project/celebdf_v2/pilot_faces/fake/fake__015__id38_id34_0006__frame_08.jpg,fake__015__id38_id34_0006__frame_08.jpg,fake__015__id38_id34_0006,fake,1,fake,0,real,0.33001336455345154
/content/drive/MyDrive/deepfake_project/celebdf_v2/pilot_faces/fake/fake__015__id38_id34_0006__frame_09.jpg,fake__015__id38_id34_0006__frame_09.jpg,fake__015__id38_id34_0006,fake,1,fake,1,fake,0.5243704319000244
/content/drive/MyDrive/deepfake_project/celebdf_v2/pilot_faces/fake/fake__016__id32_id31_0005__frame_00.jpg,fake__016__id32_id31_0005__frame_00.jpg,fake__016__id32_id31_0005,fake,1,fake,1,fake,0.8900132179260254
/content/drive/MyDrive/deepfake_project/celebdf_v2/pilot_faces/fake/fake__016__id32_id31_0005__frame_01.jpg,fake__016__id32_id31_0005__frame_01.jpg,fake__016__id32_id31_0005,fake,1,fake,1,fake,0.9181124567985535
/content/drive/MyDrive/deepfake_project/celebdf_v2/pilot_faces/fake/fake__016__id32_id31_0005__frame_02.jpg,fake__016__id32_id31_0005__frame_02.jpg,fake__016__id32_id31_0005,fake,1,fake,1,fake,0.777302622795105
/content/drive/MyDrive/deepfake_project/celebdf_v2/pilot_faces/fake/fake__016__id32_id31_0005__frame_03.jpg,fake__016__id32_id31_0005__frame_03.jpg,fake__016__id32_id31_0005,fake,1,fake,1,fake,0.9306813478469849
/content/drive/MyDrive/deepfake_project/celebdf_v2/pilot_faces/fake/fake__016__id32_id31_0005__frame_04.jpg,fake__016__id32_id31_0005__frame_04.jpg,fake__016__id32_id31_0005,fake,1,fake,1,fake,0.9848997592926025
/content/drive/MyDrive/deepfake_project/celebdf_v2/pilot_faces/fake/fake__016__id32_id31_0005__frame_05.jpg,fake__016__id32_id31_0005__frame_05.jpg,fake__016__id32_id31_0005,fake,1,fake,1,fake,0.8870911598205566
/content/drive/MyDrive/deepfake_project/celebdf_v2/pilot_faces/fake/fake__016__id32_id31_0005__frame_06.jpg,fake__016__id32_id31_0005__frame_06.jpg,fake__016__id32_id31_0005,fake,1,fake,1,fake,0.6983886957168579
/content/drive/MyDrive/deepfake_project/celebdf_v2/pilot_faces/fake/fake__016__id32_id31_0005__frame_07.jpg,fake__016__id32_id31_0005__frame_07.jpg,fake__016__id32_id31_0005,fake,1,fake,1,fake,0.7505039572715759
/content/drive/MyDrive/deepfake_project/celebdf_v2/pilot_faces/fake/fake__016__id32_id31_0005__frame_08.jpg,fake__016__id32_id31_0005__frame_08.jpg,fake__016__id32_id31_0005,fake,1,fake,1,fake,0.8273630738258362
/content/drive/MyDrive/deepfake_project/celebdf_v2/pilot_faces/fake/fake__016__id32_id31_0005__frame_09.jpg,fake__016__id32_id31_0005__frame_09.jpg,fake__016__id32_id31_0005,fake,1,fake,1,fake,0.9931186437606812
/content/drive/MyDrive/deepfake_project/celebdf_v2/pilot_faces/fake/fake__017__id2_id30_0002__frame_00.jpg,fake__017__id2_id30_0002__frame_00.jpg,fake__017__id2_id30_0002,fake,1,fake,0,real,0.4358600676059723
/content/drive/MyDrive/deepfake_project/celebdf_v2/pilot_faces/fake/fake__017__id2_id30_0002__frame_01.jpg,fake__017__id2_id30_0002__frame_01.jpg,fake__017__id2_id30_0002,fake,1,fake,1,fake,0.5802538394927979
/content/drive/MyDrive/deepfake_project/celebdf_v2/pilot_faces/fake/fake__017__id2_id30_0002__frame_02.jpg,fake__017__id2_id30_0002__frame_02.jpg,fake__017__id2_id30_0002,fake,1,fake,1,fake,0.827707052230835
/content/drive/MyDrive/deepfake_project/celebdf_v2/pilot_faces/fake/fake__017__id2_id30_0002__frame_03.jpg,fake__017__id2_id30_0002__frame_03.jpg,fake__017__id2_id30_0002,fake,1,fake,0,real,0.3558861017227173
/content/drive/MyDrive/deepfake_project/celebdf_v2/pilot_faces/fake/fake__017__id2_id30_0002__frame_04.jpg,fake__017__id2_id30_0002__frame_04.jpg,fake__017__id2_id30_0002,fake,1,fake,1,fake,0.6366841793060303
/content/drive/MyDrive/deepfake_project/celebdf_v2/pilot_faces/fake/fake__017__id2_id30_0002__frame_05.jpg,fake__017__id2_id30_0002__frame_05.jpg,fake__017__id2_id30_0002,fake,1,fake,0,real,0.18274269998073578
/content/drive/MyDrive/deepfake_project/celebdf_v2/pilot_faces/fake/fake__017__id2_id30_0002__frame_06.jpg,fake__017__id2_id30_0002__frame_06.jpg,fake__017__id2_id30_0002,fake,1,fake,0,real,0.32701370120048523
/content/drive/MyDrive/deepfake_project/celebdf_v2/pilot_faces/fake/fake__017__id2_id30_0002__frame_07.jpg,fake__017__id2_id30_0002__frame_07.jpg,fake__017__id2_id30_0002,fake,1,fake,1,fake,0.5576061606407166
/content/drive/MyDrive/deepfake_project/celebdf_v2/pilot_faces/fake/fake__017__id2_id30_0002__frame_08.jpg,fake__017__id2_id30_0002__frame_08.jpg,fake__017__id2_id30_0002,fake,1,fake,0,real,0.4305756390094757
/content/drive/MyDrive/deepfake_project/celebdf_v2/pilot_faces/fake/fake__017__id2_id30_0002__frame_09.jpg,fake__017__id2_id30_0002__frame_09.jpg,fake__017__id2_id30_0002,fake,1,fake,1,fake,0.9084848761558533
/content/drive/MyDrive/deepfake_project/celebdf_v2/pilot_faces/fake/fake__018__id23_id20_0001__frame_00.jpg,fake__018__id23_id20_0001__frame_00.jpg,fake__018__id23_id20_0001,fake,1,fake,0,real,0.1861829310655594
/content/drive/MyDrive/deepfake_project/celebdf_v2/pilot_faces/fake/fake__018__id23_id20_0001__frame_01.jpg,fake__018__id23_id20_0001__frame_01.jpg,fake__018__id23_id20_0001,fake,1,fake,0,real,0.4559054374694824
/content/drive/MyDrive/deepfake_project/celebdf_v2/pilot_faces/fake/fake__018__id23_id20_0001__frame_02.jpg,fake__018__id23_id20_0001__frame_02.jpg,fake__018__id23_id20_0001,fake,1,fake,0,real,0.19194185733795166
/content/drive/MyDrive/deepfake_project/celebdf_v2/pilot_faces/fake/fake__018__id23_id20_0001__frame_03.jpg,fake__018__id23_id20_0001__frame_03.jpg,fake__018__id23_id20_0001,fake,1,fake,0,real,0.18761508166790009
/content/drive/MyDrive/deepfake_project/celebdf_v2/pilot_faces/fake/fake__018__id23_id20_0001__frame_04.jpg,fake__018__id23_id20_0001__frame_04.jpg,fake__018__id23_id20_0001,fake,1,fake,0,real,0.18396781384944916
/content/drive/MyDrive/deepfake_project/celebdf_v2/pilot_faces/fake/fake__018__id23_id20_0001__frame_05.jpg,fake__018__id23_id20_0001__frame_05.jpg,fake__018__id23_id20_0001,fake,1,fake,0,real,0.18747858703136444
/content/drive/MyDrive/deepfake_project/celebdf_v2/pilot_faces/fake/fake__018__id23_id20_0001__frame_06.jpg,fake__018__id23_id20_0001__frame_06.jpg,fake__018__id23_id20_0001,fake,1,fake,0,real,0.284423828125
/content/drive/MyDrive/deepfake_project/celebdf_v2/pilot_faces/fake/fake__018__id23_id20_0001__frame_07.jpg,fake__018__id23_id20_0001__frame_07.jpg,fake__018__id23_id20_0001,fake,1,fake,0,real,0.42418211698532104
/content/drive/MyDrive/deepfake_project/celebdf_v2/pilot_faces/fake/fake__018__id23_id20_0001__frame_08.jpg,fake__018__id23_id20_0001__frame_08.jpg,fake__018__id23_id20_0001,fake,1,fake,0,real,0.4898165166378021
/content/drive/MyDrive/deepfake_project/celebdf_v2/pilot_faces/fake/fake__018__id23_id20_0001__frame_09.jpg,fake__018__id23_id20_0001__frame_09.jpg,fake__018__id23_id20_0001,fake,1,fake,0,real,0.3638756573200226
/content/drive/MyDrive/deepfake_project/celebdf_v2/pilot_faces/fake/fake__019__id27_id19_0007__frame_00.jpg,fake__019__id27_id19_0007__frame_00.jpg,fake__019__id27_id19_0007,fake,1,fake,0,real,0.31032973527908325
/content/drive/MyDrive/deepfake_project/celebdf_v2/pilot_faces/fake/fake__019__id27_id19_0007__frame_01.jpg,fake__019__id27_id19_0007__frame_01.jpg,fake__019__id27_id19_0007,fake,1,fake,0,real,0.28054049611091614
/content/drive/MyDrive/deepfake_project/celebdf_v2/pilot_faces/fake/fake__019__id27_id19_0007__frame_02.jpg,fake__019__id27_id19_0007__frame_02.jpg,fake__019__id27_id19_0007,fake,1,fake,0,real,0.05602603033185005
/content/drive/MyDrive/deepfake_project/celebdf_v2/pilot_faces/fake/fake__019__id27_id19_0007__frame_03.jpg,fake__019__id27_id19_0007__frame_03.jpg,fake__019__id27_id19_0007,fake,1,fake,0,real,0.14017818868160248
/content/drive/MyDrive/deepfake_project/celebdf_v2/pilot_faces/fake/fake__019__id27_id19_0007__frame_04.jpg,fake__019__id27_id19_0007__frame_04.jpg,fake__019__id27_id19_0007,fake,1,fake,0,real,0.18339170515537262
/content/drive/MyDrive/deepfake_project/celebdf_v2/pilot_faces/fake/fake__019__id27_id19_0007__frame_05.jpg,fake__019__id27_id19_0007__frame_05.jpg,fake__019__id27_id19_0007,fake,1,fake,0,real,0.1075049564242363
/content/drive/MyDrive/deepfake_project/celebdf_v2/pilot_faces/fake/fake__019__id27_id19_0007__frame_06.jpg,fake__019__id27_id19_0007__frame_06.jpg,fake__019__id27_id19_0007,fake,1,fake,0,real,0.09997669607400894
/content/drive/MyDrive/deepfake_project/celebdf_v2/pilot_faces/fake/fake__019__id27_id19_0007__frame_07.jpg,fake__019__id27_id19_0007__frame_07.jpg,fake__019__id27_id19_0007,fake,1,fake,0,real,0.47339993715286255
/content/drive/MyDrive/deepfake_project/celebdf_v2/pilot_faces/fake/fake__019__id27_id19_0007__frame_08.jpg,fake__019__id27_id19_0007__frame_08.jpg,fake__019__id27_id19_0007,fake,1,fake,0,real,0.1409922093153
/content/drive/MyDrive/deepfake_project/celebdf_v2/pilot_faces/fake/fake__019__id27_id19_0007__frame_09.jpg,fake__019__id27_id19_0007__frame_09.jpg,fake__019__id27_id19_0007,fake,1,fake,0,real,0.10314211994409561
